record,Q1,Q2,Q3,Q4_1,Q4_2,Q4_3,Q4_4,Q4_5,Q4_6,Q4_7,Q4_8,Q4_9,Q4_10,Q4_11,Q4_12,Q4_13,Q4_14,Q4_15,Q4_15_other,Q5_1,Q6_1,Q6_2,Q6_3,Q6_4,Q6_5,Q6_6,Q6_7,Q6_8,Q6_9,Q6_10,Q6_11,Q6_12,Q6_13,Q6_14,Q6_15,Q6_15_other,Q7_1,Q8,Q9_1,Q10_1,Q10_2,Q10_3,Q10_4,Q10_5,Q10_6,Q10_7,Q10_8,Q10_9,Q10_10,Q11_1,Q11_2,Q11_3,Q11_4,Q11_5,Q11_6,Q11_7,Q11_8,Q11_9,Q12,Q13,Q14,Q15,Q13_english,Q14_english,Q15_english
142,5,2,4,,,,,,,,,,,,,,,,,1,0,0,0,0,0,0,0,0,0,0,0,0,0,0,1,geen,1,1,1,0,0,0,1,0,0,0,0,0,0,0,0,0,0,0,0,0,0,1,3,wil geen ai assistent,doe liever alles zelf,niets wil het niet,doesn't want an AI assistant,prefer to do everything myself,nothing doesn't want it
326,5,1,3,0,0,0,0,0,0,0,0,1,0,0,0,0,0,0,,2,0,0,0,1,0,0,0,0,0,0,0,0,0,0,0,,2,3,1,1,1,0,0,0,0,0,0,0,0,0,0,0,0,0,1,0,1,0,3,geen idee,weet ik nog niet,weet ik niet,no idea,I don't know yet,I don't know
228,5,1,3,0,0,0,0,0,0,0,0,1,0,0,0,0,0,0,,3,0,0,0,0,0,0,0,0,1,0,0,0,0,0,0,,1,1,2,0,0,0,0,0,1,0,0,0,0,1,0,0,0,0,0,0,0,0,3,Geen idee nog,Niet eigenlijk,Op de achtergrond suggestief,No idea yet,Not really,Suggestive in the background
338,3,2,2,0,1,1,0,0,0,0,0,0,0,0,0,0,1,0,,4,1,1,0,0,0,0,1,1,0,0,0,0,0,0,0,,4,2,4,0,0,0,1,0,0,0,0,0,1,0,0,0,0,0,1,0,0,0,2,Geld zaken planning,Ateeds herhalingen iets vergeet,Via herinneren telefoon icoon,Money matters planning,Ateeds repeats something forgets,Via remind phone icon
285,5,2,4,,,,,,,,,,,,,,,,,1,0,0,0,0,0,0,0,0,0,0,0,0,0,0,1,niets dus,1,3,1,0,0,0,0,0,0,0,1,0,0,0,0,0,0,0,0,0,0,1,3,geen enkele,vindt niets frustie en tijdrovend,helemaal niet,none,finds nothing frustrating and time consuming,not at all
262,5,1,4,,,,,,,,,,,,,,,,,1,0,0,0,0,0,0,0,0,0,0,0,0,0,0,1,niets,1,3,1,0,1,1,1,1,0,0,1,1,1,1,1,0,0,0,0,0,1,1,3,heb er eigenlijk geen want voor schoonmaken heb ik een robot nodig,duurt zo lang voor je klaar bent,kan niet is geen robot,I don't actually have one because I need a robot for cleaning,takes so long to get ready,can't is not a robot
195,5,1,4,,,,,,,,,,,,,,,,,2,0,0,0,0,0,0,0,0,1,0,0,0,0,0,0,,2,2,4,0,0,0,0,0,0,1,0,0,0,0,0,0,1,0,0,0,0,0,1,Boeken verre reis,De prijs van de reis,Advies,Books long journey,The price of the trip,Advice
110,5,2,4,,,,,,,,,,,,,,,,,2,0,1,0,0,0,0,0,0,1,0,1,0,0,0,0,,1,1,1,1,0,0,0,1,0,1,0,0,1,1,1,0,0,0,0,0,0,1,2,ht zoeken naar iets,ik vind het griezelig alles wordt opgeslagen,geen idee,looking for something,I find it creepy that everything is saved,no idea
159,4,2,2,0,0,0,0,0,0,0,1,0,0,0,0,0,0,0,,2,0,0,0,0,0,1,0,1,1,0,0,1,0,0,0,,2,3,2,1,0,0,0,0,0,0,0,0,0,0,1,0,0,0,0,0,0,0,3,reis plannen,niet,tijd besparen,travel plans,not ,save time
341,5,2,4,,,,,,,,,,,,,,,,,3,0,0,0,0,0,0,0,0,0,0,0,0,0,0,1,Nu nog even niets,1,3,1,1,0,0,1,0,1,0,0,0,1,1,0,1,0,1,0,0,0,0,1,Blad ruimen,Kost verl tijd. Is niet frustrerend,Geen idee,Clearing leaves,Takes time. Isn't frustrating.,No idea
170,5,1,4,,,,,,,,,,,,,,,,,2,0,0,0,0,0,0,0,1,1,0,0,0,0,0,0,,1,1,1,0,0,0,0,0,0,0,1,0,0,1,1,0,0,0,0,1,0,1,3,"Gelukkig heb deze taken niet meer, en wil dus geen hulp van een AI- assistent",Ik heb geen taken die tijdrovend of frustrerend zijn.,Hij hoeft mij niet te helpen,"Luckily I no longer have these tasks, so I don't want help from an AI assistant",I don't have tasks that are time-consuming or frustrating.,He doesn't have to help me
153,5,1,3,0,0,1,0,0,0,0,0,0,0,0,0,0,0,0,,4,0,0,1,1,0,0,0,0,0,0,0,0,0,0,0,,3,2,1,0,0,0,0,0,1,0,0,1,0,0,1,0,0,0,0,0,0,0,3,Leren van talen,Soms geven of praten ze over een andere onderwerpen,Beter en hoe je het moet uitspreken,Learning languages,Sometimes they give or talk about other topics,Better and how to pronounce it
22,5,1,1,0,0,0,1,0,0,0,0,1,0,1,0,0,0,0,,5,0,0,0,1,1,0,0,0,0,0,1,0,0,0,0,,5,1,2,1,0,0,0,0,1,0,0,1,0,0,0,0,0,0,0,0,0,1,1,Plannen,Ingewikkeld,Met goede tips,Plans,Complicated,With good tips
206,5,2,2,0,0,0,1,0,1,0,0,0,0,0,0,0,0,0,,4,0,0,1,1,0,0,0,0,0,0,0,0,0,0,0,,4,1,3,0,0,0,0,0,0,0,0,1,0,0,1,0,0,0,0,0,0,0,1,Tot heden nog geen idee,Geen opmerkingen,Te weinig ervaring mee,No idea yet,No comments,Not enough experience with it
343,5,1,3,0,0,0,0,0,0,0,0,1,0,0,0,0,0,0,,3,0,1,0,1,0,0,0,1,1,0,0,0,1,1,0,,2,3,1,1,1,1,1,1,1,1,1,1,0,1,1,1,1,0,1,1,0,0,2,Opzoeken van betrouwbare info. Bv over de geplande reis. Gebruik van iets etc.,Kost veel opzoekwerk. En denken over teveel vraagstellingen,"Met bondige info en waar het op gebaseerd is. Bronnen, verder te vinden informatie.","Looking up reliable information. For example, about your planned trip, how to use something, etc.",It takes a lot of research. And thinking about too many questions.,With concise information and its basis. Sources and further information available.
190,3,2,1,0,1,0,1,0,0,0,0,1,0,0,0,1,0,0,,5,0,1,1,0,0,0,1,1,1,0,0,0,0,0,0,,4,2,4,0,0,0,0,1,1,0,0,1,0,0,0,0,1,0,0,0,0,0,2,Het uitwerken van observaties,Omdat het gewoon veel werk is en steeds herhaald wordt,Moet een verslag voor mij schrijven,Developing observations,Because it's just a lot of work and it gets repeated over and over again,I need to write a report for you
294,5,1,2,0,0,0,0,0,0,0,0,1,0,0,0,0,0,0,,3,0,0,1,0,0,0,0,0,0,0,0,0,0,0,0,,2,1,2,0,0,0,0,0,0,0,1,1,0,0,0,0,1,0,0,0,0,0,1,Veel tijd vragende onderwerpen van uiteenlopende aard,Het kost te veel tijd om het juiste antwoord te vinden.,Op grond van de grote hoeveelheid gegeven die voorhanden zijn,Time-consuming topics of various kinds,It takes too much time to find the right answer.,Based on the large amount of data available
61,5,1,1,0,0,0,1,0,1,0,0,0,0,0,0,0,0,1,email,4,0,0,0,1,0,1,1,1,1,0,0,0,0,1,0,,4,1,3,1,1,0,0,0,0,0,0,1,1,0,0,0,0,0,0,1,0,0,1,"budgeting, emailing proof",Het is belangrijk om nauwkeurig te zijn in het budget en de boodschap in e-mails af te stemmen op de juiste doelgroep,helpt mij al met de juiste prompts,"budgeting, emailing proof",It is important to be accurate in budgeting and tailor the message in emails to the right target group,already helps me with the right prompts
265,5,1,3,0,1,0,0,0,0,0,0,0,0,0,0,0,0,0,,3,0,0,0,0,0,0,1,0,0,0,0,0,0,0,0,,4,3,4,0,0,1,0,0,0,0,0,0,0,0,0,0,0,0,0,0,0,1,3,mocht ik en vraag hebben,niet,antworoden zoeken op mijn vraag,if i have a question,not ,find answers to my question
315,5,1,3,0,0,0,0,0,0,0,0,0,0,0,0,1,0,0,,3,0,0,0,0,0,0,0,1,0,0,0,0,0,1,0,,2,2,2,1,0,0,0,0,0,0,0,0,0,0,0,0,0,0,0,1,0,0,1,nog geen idee,niet,geen idee eigenlijk,no idea yet,not ,no idea actually
344,3,2,4,,,,,,,,,,,,,,,,,1,0,0,0,0,0,0,0,0,1,0,0,0,0,1,0,,1,3,1,1,0,0,1,1,1,0,1,0,0,1,0,0,1,0,0,1,1,0,3,Weet ik niet zo goed,Heb nog niet echt met AI gewerkt,Dingen makkelijker maken,I don't really know,Haven't really worked with AI yet,Making things easier
259,5,1,1,0,0,0,0,0,0,0,0,1,0,0,0,0,0,0,,1,0,0,0,0,0,0,0,0,1,0,0,0,0,0,0,,1,3,4,0,0,0,0,0,1,0,0,0,0,0,0,0,0,0,1,0,0,0,1,Vragen,Beter dan Elf opOekwn,Goed,To ask,Better than Elf on Oekwn,Good
260,4,2,4,,,,,,,,,,,,,,,,,3,0,1,1,0,0,0,1,0,1,0,0,0,0,1,0,,2,1,4,0,1,1,1,1,0,0,1,0,0,1,1,0,1,0,0,0,1,1,2,een lekkere maaltijd verzinnen,omdat ik het zelf iedere keer moet verzinnen,geen idee,come up with a tasty meal,because I have to come up with it myself every time,no idea
305,5,1,2,0,1,0,0,0,0,0,0,0,0,0,0,0,0,0,,5,0,1,1,0,0,0,1,0,1,0,0,0,0,0,0,,3,1,3,1,1,0,1,1,1,1,0,0,1,1,0,1,1,1,1,0,1,0,2,Boodschappen en agenda beheren,Moet ik te vaak over nadenken,Door mij advies re geven,Manage groceries and agenda,Should I think about it too often?,By giving me advice
254,5,2,2,0,0,0,1,0,0,1,0,1,0,0,0,0,0,0,,4,0,0,0,1,0,0,1,0,0,0,0,0,0,1,0,,3,1,2,0,0,0,1,0,1,0,0,0,0,0,1,0,0,0,0,0,0,1,3,Makkelijk rcepten aan me geven.,Inspiratie ontbreekt.,Lekkere recepten aan me geven,Give me recipes easily.,Inspiration is lacking.,Give me delicious recipes
68,5,2,2,0,0,0,0,0,1,0,0,0,0,0,0,0,0,0,,1,0,0,0,0,0,0,1,0,0,0,1,0,0,0,0,,1,1,1,0,0,0,0,0,0,0,0,1,0,0,0,0,0,0,0,0,0,1,3,Geen.,Ik wil mijn eigen beslissingen houden.,Advies is welkom.,No.,I want to keep my own decisions.,Advice is welcome.
321,4,1,2,0,0,0,0,0,0,0,0,1,0,0,0,0,0,0,,3,0,1,1,0,0,0,0,0,0,0,0,0,0,0,0,,4,1,2,0,0,0,0,1,1,1,0,0,0,0,0,0,0,0,1,0,0,0,1,niet echt iets bijzonders,vind ik niet,niet,nothing really special,I don't think so,not 
240,5,1,2,0,0,0,0,0,1,0,0,1,0,0,0,0,0,0,,3,0,0,1,0,0,1,0,0,1,0,0,0,0,1,0,,3,1,3,0,0,0,0,1,0,0,0,1,0,0,0,0,0,0,0,1,0,0,1,informatie verzamelen,weet niet of het correct is,bronnen vermelden,collect information,don't know if it's correct,cite sources
34,5,1,4,,,,,,,,,,,,,,,,,2,0,1,0,0,0,0,0,0,1,0,0,0,0,0,0,,2,3,2,1,0,0,0,0,0,0,0,0,0,1,0,1,0,0,0,0,0,0,3,Weet niet echt,Nvt,Nvt,Don't really know,N/A,N/A
175,5,2,4,,,,,,,,,,,,,,,,,1,0,0,0,0,0,0,0,0,0,0,0,0,0,1,0,,1,1,1,0,0,0,0,1,0,0,0,0,0,0,0,0,0,0,0,0,0,1,3,Ik zou liever geen AI-assistent willen hebben!,Ik vertrouw AI-assistent niet,Ik zou het niet weten,I'd rather not have an AI assistant!,I don't trust AI assistant,I wouldn't know
52,5,1,2,0,0,1,0,0,1,0,0,1,1,0,0,0,0,0,,4,0,0,1,0,0,1,0,0,1,1,0,0,0,0,0,,3,1,3,1,1,0,1,1,1,0,0,0,0,0,1,0,0,0,1,1,0,0,1,"Invullen van formulieren, belastinggegevens weergegeven",Moet ik steeds terug naar app beastingdienst,Hij komt na enkele seconden al met een antwoord,"Filling out forms, tax information displayed",Do I have to keep going back to the app beasting service?,He comes up with an answer after just a few seconds
139,3,1,2,0,1,1,0,0,0,0,0,1,0,0,0,0,0,0,,4,0,1,0,0,1,0,1,0,1,0,1,0,0,1,0,,3,3,2,1,0,0,0,0,0,0,0,0,0,0,0,0,0,0,0,1,0,0,1,Email en media ch3ck,Constant filtered wel of niet Belangrijk is,Obv criteria direct filteren,Email and media ch3ck,Constant filtered whether or not it is important,Filter directly based on criteria
158,5,1,2,0,0,0,0,0,0,0,1,1,0,0,0,0,0,0,,1,0,0,0,0,0,0,0,0,1,0,0,0,0,0,0,,1,1,1,0,0,0,0,1,0,0,0,0,0,1,0,0,0,0,0,0,0,1,3,op dit moment nog niks,niet,op de achtergrond,nothing at the moment,not ,in the background
194,5,2,4,,,,,,,,,,,,,,,,,1,0,0,0,0,0,0,0,0,0,0,0,0,0,0,1,Niets,1,3,1,0,1,0,1,0,1,0,0,0,0,1,1,1,1,1,1,1,1,1,3,Helemaal niets,Ik vind AI nog niet uitgerijpt genoeg,Helemaal niet,Nothing at all,I don't think AI is mature enough yet,Not at all
198,3,1,2,0,0,0,0,0,0,0,0,1,0,0,0,1,0,0,,4,0,1,0,0,0,0,1,0,0,0,0,0,0,0,0,,5,2,4,0,1,0,0,0,0,0,0,1,0,1,0,0,0,0,0,0,0,0,1,Verslagen duidelijk herschrijven,Saai,Ordelijk en kwaliteit staan voorop,Clearly rewrite reports,Boring,Orderliness and quality are paramount
200,5,2,4,,,,,,,,,,,,,,,,,1,0,0,0,0,0,0,0,0,0,0,0,0,0,0,1,niets,1,1,1,0,0,0,0,0,0,0,1,0,0,0,0,1,0,0,0,0,0,0,3,nergens,ik heb geen vertrouwen in AI,niet,nowhere,I have no faith in AI,not 
99,5,2,4,,,,,,,,,,,,,,,,,2,0,0,0,0,0,0,0,0,1,0,0,0,0,0,0,,2,3,1,1,0,0,0,0,1,0,1,0,0,1,0,0,0,0,0,1,0,1,3,huishouden,ben invalide kost veel tijd,geen idee,households,being disabled takes a lot of time,no idea
301,4,1,2,0,0,0,0,0,0,0,0,1,0,0,0,0,0,0,,1,0,0,0,0,0,0,0,0,1,0,0,0,0,0,0,,1,1,1,0,0,0,0,0,1,0,1,0,0,0,0,0,0,0,0,0,0,1,3,Niets in het bijzonder,?,"Ik vraag, AI antwoordt",Nothing in particular,?,"I ask, AI answers"
199,5,1,3,0,0,0,0,0,0,0,0,1,0,0,0,0,0,0,,3,0,0,0,0,0,0,0,0,1,0,0,0,0,0,0,,3,1,1,0,0,0,0,0,1,0,0,1,0,0,0,0,0,0,1,0,0,0,1,Boodschappen lijstje maken uit de aanbiedingen in folders,Kost veel tijd,Lijstje maken,Make a shopping list from the offers in flyers,Takes a lot of time,Make a list
7,5,2,4,,,,,,,,,,,,,,,,,2,0,0,0,0,0,0,1,0,0,0,0,0,0,1,0,,1,2,1,1,0,1,0,0,1,0,0,0,0,1,1,1,0,0,1,0,0,0,1,Met koken,Het opruimen,Geen idee,With cooking,The cleaning up,No idea
188,5,1,4,,,,,,,,,,,,,,,,,1,0,0,0,0,0,0,0,0,0,0,0,0,0,0,1,HELEMAAL NIET!!!!,1,1,1,0,0,0,1,0,0,0,0,0,0,1,0,0,0,0,0,0,1,1,3,met helemaal niks. Ik wil geen AI assistent!!!!,deze vragenlijst is frustrerend,niet,With absolutely nothing. I don't want an AI assistant!!!!,this questionnaire is frustrating,not 
280,5,1,4,,,,,,,,,,,,,,,,,1,0,0,0,0,0,0,0,0,0,0,0,0,0,0,1,Niets,1,1,1,0,0,0,1,0,0,0,0,0,0,1,0,0,0,0,0,0,0,1,3,Ik heb geen hulp nodig,Ik kan er goed mee omgaan,Niet comfortabel,I don't need any help,I can handle it well,Not comfortable
95,5,1,4,,,,,,,,,,,,,,,,,3,0,0,0,0,0,1,0,1,1,0,0,0,0,1,0,,4,3,3,0,1,0,0,1,0,0,0,1,1,0,0,0,1,0,0,0,0,0,1,Plannen c.q. agenda,Lastig bij te houden bij een nieuwe aanvraag,Voorstellen doen voor vrije tijdzones voor afspraken,Plans or agenda,Difficult to keep track of with a new application,Suggest free time zones for appointments
26,5,2,2,0,1,0,0,0,1,0,0,0,0,0,0,0,0,0,,3,0,1,0,0,0,1,0,0,0,0,1,0,0,0,0,,3,1,2,1,1,0,1,0,0,0,0,1,0,1,0,0,0,0,0,0,0,0,1,Zou het echt niet weten,Niet,Logische oplossingen,I really wouldn't know,Not,Logical solutions
109,5,1,2,0,0,0,0,0,0,0,0,0,0,0,0,0,0,1,vraag stellen,1,0,0,0,0,0,0,0,0,1,0,0,0,0,0,0,,1,3,2,0,0,0,0,1,1,0,0,0,0,0,0,1,0,0,1,0,0,0,1,Geen,Niet,Oplossingen,No,Not,Solutions
237,5,1,4,,,,,,,,,,,,,,,,,2,0,0,0,0,0,0,0,1,1,0,0,0,0,0,0,,2,1,2,1,0,0,0,0,0,0,0,1,0,1,0,1,0,0,0,1,0,0,1,Liever een persoonlijke aanspreekbaar persoon,De interactie tussen normale mensen,Ondersteuning,Prefer a personally approachable person,The interaction between normal people,Support
154,5,2,2,0,0,0,0,0,0,0,0,0,0,0,0,0,0,1,Vragenlijsten beantwoorden,1,0,0,0,0,0,0,1,0,1,0,0,0,0,0,0,,1,3,4,0,0,0,0,0,1,0,0,0,0,1,1,1,1,1,1,1,0,1,3,Geen idee,Ik vind het niet frustrerend,Geen idee,No idea,I don't find it frustrating,No idea
133,5,1,2,0,0,0,0,0,0,0,0,1,0,0,0,0,0,0,,2,0,0,0,0,0,0,0,0,0,0,0,0,0,0,1,Geen behoefte,1,1,1,0,0,0,0,0,1,0,0,0,0,1,1,0,0,0,0,1,1,1,3,Niets ik houd er niet van,Helemaal niet,Kan het beste helpen door niets te doen,Nothing I don't like it,Not at all,The best way to help is to do nothing
163,5,1,2,0,0,1,0,0,0,0,0,1,0,0,0,0,0,0,,1,0,0,1,0,0,0,0,0,1,0,0,0,0,0,0,,2,1,1,0,1,0,0,1,1,0,1,0,0,1,0,0,0,0,0,0,0,1,1,Antwoorden zoeken,"Gaat soms veel tijden inzitten, tijd die ik nuttiger kan besteden",Ik vraag AI zoekt het antwoord,Searching for answers,"Sometimes it takes a lot of time, time that I could spend more usefully",I ask AI looks for the answer
126,4,2,2,0,0,0,0,0,0,0,0,1,0,0,0,1,0,0,,2,1,1,0,0,0,0,1,0,1,0,1,0,0,0,0,,3,3,1,1,1,0,0,1,1,1,1,1,0,0,0,0,0,0,0,1,0,0,3,Plannen van dagelijkse taken en bedenken wat er gekookt moet worden,Ik plan veel te veel op 1 dag wat me overweldigd en blokkeer en door slechte eters in huis is koken heel frustrerend geworden,Haalbare dagplanningen maken en tips geven over wat te koken,Planning daily tasks and deciding what to cook,I plan way too much in one day which overwhelms and blocks me and because of fussy eaters in the house cooking has become very frustrating,Create feasible daily plans and give tips on what to cook
56,5,1,2,0,0,0,0,0,0,0,0,1,0,0,0,0,0,0,,2,0,0,0,0,0,0,0,0,1,0,0,0,0,0,0,,1,1,1,0,0,0,0,0,1,0,0,0,0,0,0,0,0,0,0,0,0,1,3,Puzzels,Soms moeilijke oplossingen te vinden,Door snel het antwoord te geven,Puzzles,Sometimes difficult solutions to find,By giving the answer quickly
245,5,1,1,0,0,0,0,0,1,1,0,1,0,0,0,0,0,0,,2,0,0,0,1,0,1,1,0,1,0,0,0,0,0,0,,4,1,2,1,1,0,0,0,0,0,0,0,0,0,0,0,0,0,0,0,0,1,1,Vergelijken van prijzen en milieu aspecten van bv kleding,Moeilijk zelf te vinden,Overzicht maken van de opties,"Comparing prices and environmental aspects of clothing, for example",Difficult to find by yourself,Overview of the options
180,5,1,4,,,,,,,,,,,,,,,,,4,0,1,0,1,0,1,0,0,1,0,0,0,0,0,0,,2,3,4,1,1,1,1,1,1,1,0,1,0,0,1,1,0,1,1,0,0,1,1,nou ik heb veel emails help is prettig,omdat het er zoveel zijn,dat is altijd een probleem daarom juist,well I have a lot of emails help would be nice,because there are so many,that is always a problem that is why
174,4,1,3,0,0,0,0,0,0,0,0,1,0,0,0,0,0,0,,3,0,0,0,1,0,0,0,0,0,0,0,0,0,1,0,,3,1,2,0,0,0,0,0,0,0,0,0,1,1,0,0,0,0,0,0,0,1,1,Agenda beheren,Lastig met veel telefonisch contact om dit te plannen,Alles netjes op een rij zetten wie wat wanneer,Manage agenda,Difficult to plan this with a lot of telephone contact,Putting everything neatly in a row who did what when
297,3,2,2,0,0,0,0,0,0,1,0,1,0,0,0,0,0,0,,2,0,0,0,0,0,1,0,0,1,0,0,0,0,1,0,,1,3,1,1,0,1,0,0,0,0,0,0,0,1,0,0,0,0,0,0,0,1,3,Denk niet dat ik echt iets heb waarbij AI me dagelijks moet helpen,Denk er niet aan,Vragen beantwoorden,Don't think I really have anything that AI needs to help me with on a daily basis,Don't think about it,Answering questions
106,3,2,2,1,0,0,1,0,0,0,1,1,0,0,1,0,1,0,,4,1,0,1,1,0,1,0,1,1,0,0,1,0,0,0,,5,3,4,1,1,0,0,0,0,0,0,1,1,1,0,1,0,0,0,1,0,0,3,Een planning maken,Kost teveel tijd,Tijdbesparing,Making a plan,Takes too much time,Time saving
271,3,1,2,0,0,1,0,0,0,0,0,1,0,0,0,0,0,0,,1,0,0,1,0,0,0,0,0,0,0,0,0,0,0,0,,1,1,1,1,0,0,0,0,0,0,0,0,0,0,1,0,0,0,0,0,0,1,2,informatie opzoeken bijv voor schoonmaken,kost veel tijd en vind het niet per se leuk,snel een goed antwoord vinden,look up information e.g. for cleaning,takes a lot of time and I don't necessarily like it,find a good answer quickly
5,4,2,2,0,1,1,0,0,1,0,0,1,0,0,1,0,0,0,,4,0,1,1,1,1,1,1,1,1,0,0,1,1,1,0,,2,1,3,1,1,1,1,1,1,0,0,1,1,1,1,1,0,0,0,0,0,0,3,"Alles, schrijven van mails en brieven en teksten",ik wil doeltreffend en effectief zijn,Goede kwaliteit van teksten,"Everything, writing emails, letters and texts",I want to be effective and efficient,Good quality of texts
203,5,1,2,0,0,0,1,0,0,1,0,0,0,0,0,0,0,0,,2,0,0,0,0,0,0,0,0,1,0,0,0,0,0,0,,2,3,2,0,0,1,0,0,1,0,0,0,0,1,0,1,1,0,0,0,0,0,1,Informatie opzoeken,Daarom,Net als gewoon internet,Looking up information,Therefore,Just like regular internet
202,5,1,2,0,0,0,0,0,0,0,0,1,0,0,0,0,0,0,,4,0,0,1,0,0,1,0,0,0,0,0,1,0,0,0,,4,1,4,0,0,0,1,0,0,0,1,1,0,0,1,0,0,1,0,1,0,0,2,niet van toepassing,is niet van toepassing,extra mogelijkheid om informatie op te vragen,not applicable,is not applicable,additional option to request information
83,5,1,2,0,0,1,0,0,0,0,1,0,0,0,0,0,0,0,,3,0,0,1,1,1,0,0,1,1,0,0,0,1,1,0,,2,3,1,0,0,1,0,0,1,1,0,0,1,1,1,0,1,0,0,1,0,0,1,Het helpen met de financiele zaken die kunnen optreden in het dagelijks leven.,Het is prettig om advies te krijgen om dit juist te verkomen,Rustig betrouwbaar en verstandig indien mogelijk,Helping with financial matters that may arise in everyday life.,It is nice to get advice on how to prevent this,"Quiet, reliable and sensible if possible"
70,4,2,1,0,1,1,0,0,1,0,0,1,0,0,1,1,0,0,,5,1,1,1,1,0,1,1,1,1,0,0,1,0,1,0,,4,1,2,1,1,1,1,1,0,1,1,1,0,1,0,1,0,1,1,0,0,0,1,"Afspraken maken, Bellen In agenda invullen",Kost lang tijd voordat je geholpen wordt.,Dat hij zalelijk als menselijke robot spreekt en verwerkt,"Make appointments, call, fill in the agenda",It takes a long time before you get help.,That he speaks and processes blissfully as a human robot
337,5,1,2,0,0,0,0,1,0,0,1,1,0,0,0,0,0,0,,1,0,0,0,0,0,1,0,0,1,0,1,0,0,0,0,,1,1,1,0,0,0,0,0,1,0,0,1,0,1,0,0,0,0,0,1,0,1,3,financieel helpen daar waar nodig is,goede vraag,ik heb echt geen flauw idee,provide financial assistance where necessary,good question,I really have no idea
300,2,1,1,0,1,1,0,0,0,0,0,1,0,1,0,1,0,0,,5,0,0,1,1,0,0,1,0,1,0,0,0,1,0,0,,5,3,4,0,0,1,1,0,1,0,0,0,0,0,1,0,0,0,0,1,0,1,1,"Koken, recepten",Ik heb geen zin om ingewikkeld te koken.,Eenvoudige recepten op basis van ingrediënten.,"Cooking, recipes",I don't feel like cooking complicated food.,Simple recipes based on ingredients.
121,4,1,1,1,0,1,1,0,0,0,0,1,0,0,1,0,0,0,,5,1,0,0,0,0,0,0,1,1,0,0,0,0,1,0,,5,2,2,1,0,0,0,1,0,0,0,0,1,0,0,1,0,0,0,1,0,0,2,Analyses maken voor het bedrijf,Is echt veel werk om dit allemaal juist in te voeren,Organiseren en goed weergeven in een diagram,Performing analyses for the company,It really is a lot of work to enter all of this correctly,Organize and display well in a diagram
122,2,2,2,0,1,0,0,0,1,0,0,1,0,0,0,0,0,0,,4,0,1,1,0,0,0,0,1,0,0,0,0,0,0,0,,4,3,4,1,0,0,0,0,0,0,0,1,0,0,1,0,0,0,0,0,0,0,1,planning en inzicht,kost veel tijd,snellere feedback en oplossingen,planning and insight,takes a lot of time,faster feedback and solutions
296,4,1,1,0,1,1,0,0,0,0,0,0,0,0,0,0,0,0,,3,0,1,0,0,0,0,0,0,0,0,0,0,0,0,0,,2,1,4,0,0,0,0,0,0,0,1,0,0,1,0,0,0,0,0,0,0,1,1,plannen voor studenten,tijdrovend,alles uit handen nemen,plans for students,time-consuming,take care of everything
97,2,2,1,0,0,1,0,0,1,0,1,1,0,0,0,0,0,0,,4,1,0,0,0,0,0,0,0,1,0,0,0,0,0,0,,3,1,2,1,0,0,0,0,0,0,0,0,0,0,0,0,0,0,0,0,0,1,3,Documenten schrijven,Formuleerde het soms net zakelijker,Geen idee,Writing documents,Sometimes I formulated it in a more businesslike manner,No idea
105,1,2,1,0,0,0,0,0,0,0,1,1,1,0,0,0,0,0,,4,1,0,0,1,0,0,0,1,0,0,0,1,0,0,0,,2,1,1,1,1,0,0,0,1,0,0,0,0,1,0,1,0,0,0,0,0,0,3,Mijn agenda bijhouden en afspraken plant,Ik vergeet de vaak,Mij meldingen heeft en helpt met plannen,Keeping track of my agenda and scheduling appointments,I often forget the,I have notifications and help with planning
211,5,1,4,,,,,,,,,,,,,,,,,3,0,0,0,0,1,0,0,0,0,0,0,0,0,0,0,,3,1,1,0,0,0,0,0,1,0,1,0,1,1,0,1,0,1,0,0,0,1,3,Ik kan geen onderwerp vinden,Ik vind het niet frustrerend of tijdrovend,weet ik niet,I can't find a topic,I don't find it frustrating or time consuming,I don't know
186,2,1,4,,,,,,,,,,,,,,,,,4,0,0,0,0,0,1,0,0,0,0,0,0,1,0,0,,4,3,4,0,0,0,0,0,1,0,0,0,0,1,0,0,0,1,0,0,0,0,3,Nee,Ik vind het niet tijdrovend,Ik vraag me af of jij mij helpt,No,I don't find it time consuming,I wonder if you can help me
21,5,2,3,0,0,1,0,0,0,0,0,0,0,0,0,0,0,0,,2,0,0,1,0,0,0,0,0,0,0,0,0,0,0,0,,2,1,2,0,0,1,0,0,0,0,0,0,0,0,0,0,0,0,0,1,0,0,3,de afwas,omdat het steeds terugkeert,de afwsa doen,the dishes,because it keeps coming back,do the dishes
86,4,1,2,0,0,1,0,0,0,1,0,1,0,0,0,0,0,0,,4,0,0,1,0,0,0,1,0,0,0,0,1,0,1,0,,4,3,3,0,1,0,1,0,1,0,1,0,1,1,0,0,1,0,1,0,0,0,2,"Recepten die ik in de avond kan maken, dat zal me veel tijd schelen.",Vaak nadenken of niks kunnen verzinnen voor de juiste avondeten.,Doe kan een aantal suggesties doen wat ik kan eten.,"Recipes that I can make in the evening, that will save me a lot of time.",Often thinking or not being able to think of anything for the right dinner.,Doe can make some suggestions as to what I can eat.
107,4,1,1,0,0,0,1,1,1,1,1,1,1,0,0,1,1,0,,4,0,1,0,1,1,0,0,1,0,1,0,1,1,1,0,,5,2,5,1,1,1,0,1,1,0,0,0,0,0,0,0,1,0,0,0,0,0,1,Alles,Veel energie,Maak het makkelijk,Everything,Lots of energy,Make it easy
246,5,1,2,0,0,0,0,0,1,0,0,0,0,0,0,0,0,0,,3,0,1,0,0,1,1,1,0,0,0,0,0,0,0,0,,3,1,3,1,1,0,0,0,1,0,0,0,1,0,1,0,1,0,1,0,0,0,1,Medicijnen bijhouden/bestellen enz,Op 89 jarige leeftijd vergeet je wel eens wat,Alles dagelijks controleert en tijdig herhaalrecepten indiend/afhandelt bij huisarts en apotheek,"Keeping track of/ordering medication, etc.",At 89 years old you sometimes forget things,Checks everything daily and submits/processes repeat prescriptions to the GP and pharmacy on time
147,5,2,3,0,1,0,0,0,1,0,0,0,0,0,0,0,0,0,,4,0,0,0,0,0,1,1,0,0,0,1,0,0,0,0,,4,1,4,1,1,0,0,0,1,0,0,0,0,0,1,0,1,0,0,0,0,1,1,Eten,Soms zonder idee,Gemak,To eat,Sometimes without a clue,Ease
45,2,2,2,0,1,0,0,0,0,0,0,0,0,0,0,0,0,0,,3,0,0,0,0,0,0,0,0,1,0,0,0,0,0,0,,4,3,4,1,0,0,0,0,0,0,0,0,0,0,1,0,0,0,0,0,0,0,3,Teksten schrijven,Soms weet ik niet wat ik moet typen,Geen,Writing texts,Sometimes I don't know what to type,No
91,5,2,2,0,0,0,0,0,0,0,0,1,0,0,0,0,0,0,,5,0,0,0,0,0,1,1,0,0,1,1,0,0,1,0,,5,1,3,0,1,0,0,0,0,0,0,0,1,0,1,0,0,0,0,0,0,0,2,als ik een vraag nodig heb dat ik een antwoord krijg,nee,als ik een vraag heb,if I have a question I need an answer,no,if i have a question
217,3,2,2,0,0,0,1,0,1,0,0,0,0,0,0,0,0,0,,4,0,0,0,0,0,1,1,0,0,0,0,0,0,0,0,,4,2,4,0,1,0,0,0,0,0,1,1,0,0,0,0,0,0,0,0,1,0,2,Mijn voeding bijhouden,Ik moet er te lang over nadenken,Een planning maken,Tracking my nutrition,I have to think about it too long,Making a plan
274,5,1,4,,,,,,,,,,,,,,,,,2,0,0,0,0,0,0,0,0,1,0,0,0,0,0,0,,1,3,1,0,0,0,0,0,1,0,0,0,0,0,0,1,0,0,0,0,0,0,1,bij het doen van berekeningen,maak soms fouten,geen fouten maakt,when doing calculations,make mistakes sometimes,makes no mistakes
266,4,2,4,,,,,,,,,,,,,,,,,3,0,0,0,1,0,1,1,0,1,0,0,0,1,0,0,,4,2,3,0,1,0,0,0,0,0,0,0,0,0,0,1,0,0,0,0,0,0,3,stofzuigen,iedere dag terugkerende taak,geen idee,vacuuming,daily recurring task,no idea
3,5,1,2,0,0,1,1,0,0,0,0,0,0,0,0,0,0,0,,5,0,0,1,1,0,0,0,0,1,0,1,0,1,0,0,,3,1,3,1,1,0,1,1,1,1,0,0,0,0,0,1,0,0,0,0,0,0,3,Bijvoorbeeld een seintje geven wanneer een bepaalde smartphone die ik wil hebben geïntroduceerd zal worden op de Nederlandse markt.,Het is vervelend om dat iedere dag op te zoeken.,Een seintje geven.,"For example, sending a notification when a specific smartphone I want will be introduced on the Dutch market.",It's annoying to have to look that up every day.,To give a signal.
132,5,1,2,0,1,0,0,0,0,0,0,1,0,0,0,0,0,0,,3,0,0,0,0,0,1,1,0,0,0,0,0,0,0,0,,4,3,4,0,0,0,0,0,1,0,1,0,0,1,1,0,0,0,0,0,0,0,1,met het uitzoeken van producten,er is zoveel aanbod,mij aanwijzingen geeft,with selecting products,there is so much on offer,gives me directions
291,5,2,4,,,,,,,,,,,,,,,,,2,0,0,0,0,0,0,0,0,0,0,0,0,0,0,1,geen,1,1,1,0,0,0,1,1,1,0,0,0,0,0,1,1,0,0,0,0,0,1,3,met geen,vind ik niet,geen idee,with no,I don't think so,no idea
82,3,2,4,,,,,,,,,,,,,,,,,2,0,0,0,0,0,0,0,0,0,0,0,0,0,0,1,weet niet,3,1,3,0,0,0,0,0,1,0,0,0,0,0,0,0,0,0,1,0,0,0,1,koken,ik eet vaak laat,weet niet,to cook,I often eat late,don't know
309,5,2,4,,,,,,,,,,,,,,,,,1,0,0,0,0,0,0,1,1,0,0,0,0,0,0,0,,1,1,1,0,0,0,0,0,1,0,0,0,0,1,1,1,1,0,1,0,1,1,3,het huis schoon houden,nooit leuk gevonden,het werk voor mij doet,keeping the house clean,never liked,does the work for me
100,5,2,4,,,,,,,,,,,,,,,,,5,0,0,0,0,0,0,0,1,0,0,0,0,0,0,0,,1,1,1,0,0,0,1,0,0,0,0,0,0,0,0,0,0,0,1,0,0,0,3,geen idee,ik zou het niet weten,helemaal niet,no idea,I wouldn't know,not at all
17,5,1,2,0,1,0,0,0,0,0,0,0,0,0,0,0,0,0,,2,1,1,0,0,0,0,0,0,1,0,0,0,0,0,0,,2,3,2,0,0,0,1,0,0,0,0,0,0,1,0,1,0,1,0,1,0,0,1,ach spontaan een verhaal maken of plaatjes zoeken,nee hoor maar leuk als er andere gedachtes bij komen,tekst en plaatjes,oh spontaneously make up a story or look for pictures,"No, but it's nice when other thoughts come along.",text and pictures
169,5,1,1,0,0,0,0,0,1,0,1,0,0,0,0,0,0,0,,3,0,0,0,0,0,1,0,1,0,0,0,0,0,0,0,,4,1,3,0,1,0,0,1,0,1,0,0,0,0,0,0,0,0,0,0,0,1,3,"Medische vragen, vakantie plannen van begin tot einde",Moet soms te veel schermen en sides bekijken,Snel en nauwkeurig,"Medical questions, holiday planning from start to finish",Sometimes I have to look at too many screens and sides,Fast and accurate
131,3,2,3,0,1,0,0,0,0,0,0,1,0,0,0,0,0,0,,2,0,1,0,1,0,0,0,0,1,0,0,0,1,0,0,,2,1,1,0,0,0,1,1,1,1,1,0,0,1,1,1,0,0,1,0,0,0,1,Bestaat er een AI die mijn strijk doet of mijn afwas?,Strijken en afwassen duurt lang en je moet het elke dag weer opnieuw doen. Daar erger ik me eerlijk gezegd meer aan dan bijvoorbeeld achter de computer zitten om wat op te zoeken.,Het zou fijn zijn als er een automatische strijkrobot was die alles goed kan strijken en dan ook automatisch zich kan aanpassen aan het soort stof of kledingstuk.,Is there an AI that will do my ironing or my dishes?,"Ironing and washing dishes take a long time, and you have to do them again every day. Frankly, that annoys me more than, say, sitting at the computer to look something up.",It would be nice if there was an automatic ironing robot that could iron everything well and then automatically adapt to the type of fabric or garment.
239,4,1,2,0,1,0,0,0,0,0,0,1,0,0,0,0,0,0,,1,0,1,1,0,0,0,0,0,0,0,0,0,0,0,0,,1,3,1,1,0,0,1,0,0,0,0,0,0,1,0,0,0,0,0,0,0,0,1,mail,ik ben een dyslect,mijn schrijf kunst ondersteunen,mail,I am dyslexic,support my writing art
288,3,1,2,0,1,0,0,0,0,0,0,0,0,0,0,0,0,0,,4,0,0,0,0,0,0,0,0,1,0,0,0,0,0,0,,4,1,4,0,0,0,1,0,0,0,0,0,0,0,1,0,0,0,0,0,0,0,1,informaite voorzirn,saai,door elke vraag goed te beantwoorden,informaite voorzirn,boring,by answering every question correctly
327,5,1,1,0,1,1,0,0,1,0,0,1,0,0,0,0,0,0,,4,0,1,0,0,0,1,1,0,1,0,0,0,0,1,0,,3,3,1,0,0,0,0,1,1,0,0,0,0,1,0,1,0,0,1,0,1,0,3,doing shopping lists,sometimes it feels a chore to look for bargains to get the best deals,it could find relevant products at the supermarkets i use and make suggestions for my shopping list and possible meals,doing shopping lists,sometimes it feels a chore to look for bargains to get the best deals,it could find relevant products at the supermarkets I use and make suggestions for my shopping list and possible meals
148,4,1,2,0,1,0,0,0,0,0,0,1,0,0,0,0,0,0,,3,1,1,1,0,1,0,0,0,1,0,0,0,1,0,0,,4,1,4,1,0,0,0,0,0,0,1,1,0,1,1,0,0,0,0,0,0,0,2,Dagplanning maken,Omdat is soms afspraken vergeet,Afspraken plannen,Make a daily plan,Because sometimes I forget appointments,Scheduling appointments
223,3,2,3,0,0,0,1,0,1,1,1,0,0,0,0,1,0,0,,4,1,1,0,0,0,1,0,0,0,0,0,0,0,0,0,,4,2,5,1,0,1,0,0,1,1,1,0,1,0,1,0,0,1,0,0,1,0,2,Ja hor lijtk me leil,Omdat het soms lastog is om yr vinden wat je nodig hebt,Foor met me mee ye denken door tips te geven,Ja hor lijtk me leil,Because sometimes it's hard to find what you need,Foor with me ye think by giving tips
129,3,1,2,0,0,0,0,0,1,0,0,0,0,0,1,1,0,0,,4,0,0,0,0,0,0,0,0,0,1,1,1,1,0,0,,4,1,4,0,0,1,1,0,1,0,0,0,0,0,0,0,1,0,0,1,0,1,2,Als ik er niet uitkom dat ze de antwoord ervoor hebben,Nee joh,Door antwoord te geven op me vragen,If I don't get it they have the answer for it,No way,By answering my questions
212,4,1,3,0,0,1,1,0,0,0,0,0,0,0,0,0,0,0,,4,0,0,0,0,0,0,0,1,0,1,0,1,0,0,0,,4,2,5,0,1,0,0,0,1,0,0,0,1,0,0,0,1,1,0,0,1,0,2,Schoffelen,Omsat ik dar dagelijks uren lang moet doen,Weet ik niet,Hoeing,Because I have to do that for hours every day,I don't know
335,5,2,4,,,,,,,,,,,,,,,,,1,0,0,0,0,0,0,0,0,0,0,0,0,0,0,1,niets,1,1,1,0,0,0,0,0,1,0,0,0,0,1,0,1,0,0,1,0,1,1,3,geen,zoals altijd die enquete begrijpt niet wat ik zeg als ik zeg ik heb AI niet nodig in mijn personal leven,het zou mij niet helpen,no,as always that poll doesn't understand what I'm saying when I say I don't need AI in my personal life,it wouldn't help me
196,5,1,2,0,0,0,0,0,0,0,1,1,0,0,0,0,0,0,,3,0,0,0,0,0,0,0,1,0,0,0,0,1,1,0,,1,1,1,0,1,0,1,0,0,0,0,1,0,0,1,0,0,0,0,1,0,0,3,het uit zoeken en advies geven over zaken waar ik niet genoeg vanaf weet.,het is er tijd rovend om dat allemaal zelf uit tezoeken.,ik hoop dat hij normale antwoorden op mijn vragen weet te geven.,researching and giving advice on matters I don't know enough about.,It is time consuming to figure all that out on your own.,I hope he can give normal answers to my questions.
303,5,1,2,0,0,0,0,0,1,0,0,1,0,0,0,0,0,0,,3,0,0,0,0,0,1,0,0,1,0,0,0,0,0,0,,1,1,3,1,1,1,1,1,1,0,1,0,0,1,0,0,0,0,1,0,0,1,1,Antwoord op algemene vragen.,Omdat het makkelijker is als je direct antwoord krijgt van een betrouwbare bron.,Antwoord geven op vragen die ik intype.,Answer to general questions.,Because it's easier if you get an immediate answer from a reliable source.,Answer questions that I type.
191,3,2,2,0,0,1,0,0,0,1,0,1,0,0,0,0,0,0,,4,0,0,1,0,0,0,0,0,0,0,0,0,1,0,0,,4,3,4,0,0,0,0,0,1,1,0,0,0,1,0,0,0,0,0,0,0,1,3,Ik hou. Goal van de touwtjes zelf in handen houden dus niets,Ik heb geen vervelende tijdrovende take,Die kan de was niet doen,I love. Goal of keeping the reins in my own hands so nothing,I don't have any annoying time-consuming take,He can't do the laundry
155,2,1,2,0,0,1,0,0,0,0,0,1,0,0,0,0,0,0,,3,0,0,0,0,1,0,0,1,0,0,0,0,0,1,0,,1,1,2,0,0,0,0,1,1,0,0,0,0,0,0,1,0,0,0,1,0,0,2,Uitzoeken van goedkoopste opties,Kost veel tijd,Weten wat ik wil en dit uitzoeken voor mij,Finding the cheapest options,Takes a lot of time,Knowing what I want and figuring it out for me
111,4,1,4,,,,,,,,,,,,,,,,,1,0,0,0,0,0,0,0,0,0,0,0,0,0,0,1,niks,1,1,1,0,0,0,0,0,1,0,0,0,0,0,1,0,0,0,1,0,0,0,3,geen,kan alles zelf wel,niet,no,can do everything by myself,not 
183,2,2,2,0,1,0,0,0,0,0,0,0,0,0,0,0,0,0,,3,1,0,0,0,0,0,0,0,0,0,0,0,0,0,0,,2,3,2,1,0,0,0,0,0,0,0,0,0,1,0,0,0,0,0,0,0,0,1,Planningen maken,Kost veel tijd voor weinig,De planning maken voor mij,Making plans,Takes a lot of time for little,Making the planning for me
119,3,1,2,0,0,0,0,0,0,0,0,1,0,0,0,0,0,0,,4,0,0,0,0,0,0,0,0,1,0,0,0,0,0,0,,4,1,4,0,0,0,0,0,0,0,0,1,0,1,0,0,0,0,0,0,0,0,2,Planning en agenda,Saai,Proactief,Planning and agenda,Boring,Proactive
253,1,2,2,0,0,0,0,0,1,1,0,1,1,0,0,0,0,0,,3,0,0,0,0,0,1,1,0,0,0,0,0,1,0,0,,2,1,2,0,0,0,0,0,1,0,0,1,1,0,0,0,0,0,1,0,0,0,2,Boodschappenlijstjes maken,Ik ben te chaotisch in mijn hoofd,Gewoon helpen bij het maken van een overzichtelijke lijst,Making shopping lists,I'm too chaotic in my head,Just help make a clear list
235,5,1,2,0,0,0,0,0,0,1,0,1,0,0,0,0,0,1,Tekstbeoordeling en samenvatten,3,0,1,0,0,1,1,1,1,1,0,0,0,0,0,0,,3,1,2,1,0,0,1,1,1,0,1,0,0,1,0,0,0,0,0,0,0,1,1,Maaltijden plannen met aanbiedingen als input.,Vaak hetzelfde,Beter overzicht en grotere database,Plan meals using offers as input.,Often the same,Better overview and larger database
210,4,1,2,1,0,0,0,0,0,0,0,0,0,0,1,0,0,0,,4,0,0,1,0,0,1,0,0,0,0,0,0,0,0,0,,4,2,2,0,0,0,0,1,0,0,0,0,0,0,0,0,0,0,1,1,0,0,2,Boodschappen,Prijzen vergelijken,De beste aanbiedingen vinden,Groceries,Compare prices,Find the best deals
146,3,1,1,0,1,1,0,0,0,1,1,0,0,0,0,0,0,0,,4,1,0,1,0,0,0,0,0,1,0,0,0,0,0,0,,4,3,4,1,1,1,1,0,0,0,1,0,0,0,0,0,0,0,1,0,0,1,1,M’n agenda,Veel om over na te denken,Waarschuwen,My agenda,Lots to think about,Warn
334,5,1,1,0,0,1,0,0,0,0,1,1,0,0,0,0,0,0,,4,0,0,0,0,0,0,0,0,1,0,0,0,0,0,0,,4,1,4,0,0,0,0,0,0,1,0,0,0,0,0,0,0,0,0,0,0,1,2,Informatie opzoeken,Kost veel tijd,Snel accuraat antwoord,Looking up information,Takes a lot of time,Fast accurate answer
204,5,1,2,1,1,0,1,0,0,1,0,0,0,1,0,0,1,0,,4,0,0,0,0,0,1,0,1,0,0,0,1,0,1,0,,4,1,4,1,0,0,0,1,1,0,0,0,0,1,0,0,0,0,1,1,0,0,1,raadplegen agenda,kost te veel tijd door het opzoeken,vergemakkelijken,consult agenda,takes too much time looking it up,facilitate
336,4,2,4,,,,,,,,,,,,,,,,,1,0,0,0,0,0,0,0,0,0,0,0,0,0,0,1,Nils geen AI,1,3,1,0,0,0,0,0,0,0,0,0,1,1,1,0,0,0,0,1,0,1,3,Niks. Ik geef voorkeur aan een mens van vlees en bloed !,Ik vertrouw het niet,Helemaal niet,Nothing. I prefer a flesh-and-blood human!,I don't trust it,Not at all
224,1,1,1,0,1,1,0,0,0,0,1,1,0,1,0,0,1,0,,4,1,1,0,0,0,1,1,1,0,0,0,1,0,0,0,,4,1,4,0,1,1,1,0,1,0,0,0,0,1,1,0,1,0,0,0,0,0,1,routines en planning,meer denkende,makkelijkheid creeeren,routines and planning,more thinking,create ease
4,3,2,3,0,1,0,0,0,0,1,0,0,0,0,0,0,0,0,,2,0,0,1,0,0,0,1,0,1,0,0,0,0,1,0,,3,3,1,1,0,0,1,0,0,0,0,0,0,1,1,0,0,0,0,0,0,0,2,"inspiratie voor koken, maaltijden, recepten",elke keer iets bedenken kan vermoeiend zijn,"inspiratie, met ideeën","inspiration for cooking, meals, recipes",Coming up with something every time can be tiring,"inspiration, with ideas"
227,4,2,4,,,,,,,,,,,,,,,,,1,0,0,0,0,1,0,0,0,0,0,0,0,0,0,0,,2,3,2,0,0,1,0,0,0,0,0,0,0,0,0,0,0,0,0,1,0,0,3,De administratie,Ben niet zo goed met cijfers,Dat het wat sneller en nauwkeurig gebeurt,The administration,I'm not very good with numbers,That it happens a little faster and more accurately
201,3,1,2,0,0,0,1,0,0,0,0,1,0,0,0,0,0,0,,3,0,0,0,1,0,1,1,0,1,0,0,0,0,0,0,,2,3,2,1,0,0,0,1,1,0,1,0,0,1,0,1,0,0,0,0,0,0,1,Bij voorwerpen taxeren,Zelf is dit zeer moeilijk,Kijkt iver het heke internet,When appraising objects,This is very difficult for me,Kijkt iver het heke internet
181,3,2,1,0,1,1,0,0,1,1,1,1,0,0,0,0,0,0,,5,1,1,1,1,0,1,1,1,1,0,1,1,1,1,0,,4,3,2,1,1,0,1,1,0,0,1,1,1,1,0,0,0,0,0,0,0,0,3,"answering emails. making appointments, summarize documents /info, do research",takes too much time,make draft and schedules,"answering emails. making appointments, summarize documents / info, do research",takes too much time,make drafts and schedules
283,1,1,2,1,1,1,1,0,1,1,1,1,1,0,0,1,1,0,,5,1,1,1,1,0,1,1,1,1,1,1,0,1,1,0,,4,3,4,0,1,0,0,1,0,0,1,1,0,0,1,0,0,0,0,0,0,0,3,Misschien helpen met werk,Ze zijn erg repetitief,Het versnelt het proces en denkt misschien. Sneller dan ik,Maybe help with work,They are very repetitive,It speeds up the process and maybe thinks. Faster than I
128,4,2,2,0,0,1,0,0,0,0,0,1,0,0,0,0,0,0,,2,1,0,0,0,0,0,0,0,1,0,1,0,0,0,0,,2,3,2,1,1,1,0,0,1,0,0,0,1,1,1,1,0,0,0,1,0,0,1,Antwoorden op mijn vragen voor informatie,Kost teveel energie voor mij en tijd.,Correcte antwoorden.,Answers to my questions for information,Takes too much energy and time for me.,Correct answers.
346,4,1,1,1,1,1,1,1,1,1,1,1,1,1,1,1,1,0,,5,0,1,1,0,0,0,0,1,0,0,1,0,0,0,0,,5,3,5,0,1,1,0,1,1,0,1,0,0,0,0,0,0,0,1,0,0,0,1,zou ik niet weten op dit moment,zou ik niet weten,dat het goed gedaan word,I wouldn't know at this point,I wouldn't know,that it is done well
248,4,2,2,0,1,1,0,0,0,0,0,0,1,0,0,0,0,0,,5,0,0,1,0,0,0,0,1,0,0,0,0,0,0,0,,5,1,5,1,0,0,0,0,0,0,0,0,0,0,0,1,0,0,0,0,0,0,1,Boodschappen lijstje te maken,Moet steeds weer doen,Gewoon voor mij een lijstje maakt,Making a shopping list,Have to do this again and again,Just making a list for me
67,5,1,2,0,0,0,0,0,1,0,0,0,0,0,0,0,0,0,,3,0,0,0,0,0,1,0,0,0,0,0,0,0,0,0,,2,1,2,0,0,1,0,0,1,0,0,1,0,0,1,0,0,0,1,0,0,1,1,Huishouden,Kost veel energie en komt steeds weer terug,Aanwijzingen hoe het efficienter kan,Households,Takes a lot of energy and keeps coming back,Instructions on how to make it more efficient
238,4,1,2,0,0,0,0,0,0,0,0,0,0,0,0,0,1,0,,4,0,0,1,0,0,0,0,0,0,0,0,0,0,0,0,,4,1,4,0,0,0,0,0,1,0,0,0,0,0,0,0,1,0,0,0,0,0,2,Text,Bedenken,Top,Text,To think,Top
80,5,1,4,,,,,,,,,,,,,,,,,1,0,0,0,0,0,0,0,0,0,0,0,0,0,0,1,GEEN,1,1,1,0,0,0,1,0,0,0,0,0,0,1,1,0,1,0,1,1,1,1,3,GEEN,OVERBODIG,NIET NODIG,NO,UNNECESSARY,NOT NECESSARY
150,2,1,2,0,1,0,1,0,0,0,0,0,0,0,1,0,0,0,,5,0,0,0,0,0,1,0,0,1,0,0,0,0,1,0,,4,2,4,0,0,0,0,0,0,0,0,1,1,0,0,1,0,0,0,0,0,1,2,Met vragen,Soms geeft het onzinnige antwoorden,Goed antwoorden,With questions,Sometimes it gives nonsensical answers,Answer correctly
130,4,1,3,0,0,0,0,1,0,0,0,0,0,0,1,0,0,0,,2,0,0,1,0,0,0,0,1,0,0,0,0,0,0,0,,2,1,2,0,0,0,1,0,0,0,1,0,0,0,1,0,0,0,0,0,0,1,1,geld genereren,omdat het me niet lukt met werken alleen,goede adviezen geven,generate money,because I can't manage it by working alone,give good advice
189,2,1,2,0,1,0,0,0,0,0,0,0,0,0,0,0,1,0,,4,0,0,0,0,0,0,0,0,0,0,0,1,1,0,0,,4,3,4,0,0,0,1,1,0,0,0,0,0,0,0,0,0,0,1,0,0,0,1,Het hoeft niet persee.ben al.blij met geld.,Vind ik niet wil alleen.meer geld.swa,Beter helpen,It doesn't have to be that way. I'm already happy with money.,"I don't think so, just want more money.",Better help
275,2,1,2,0,0,0,0,0,0,0,1,1,0,0,1,0,0,0,,4,0,0,0,0,0,0,1,0,0,0,1,0,0,0,0,,4,3,4,0,0,1,1,0,1,0,0,0,0,1,0,0,0,0,0,0,0,0,3,Opzoeken van informatie,Niet frustrerend maar kan dar sneller en overzichtelijker,Duidelijke samengevatte lijst,Looking up information,Not frustrating but can be faster and clearer,Clear summarized list
310,5,1,3,0,0,1,0,0,0,0,0,0,0,0,0,0,0,0,,4,0,1,1,0,0,1,0,1,0,0,0,0,1,1,0,,4,3,2,1,0,0,1,0,1,0,0,0,1,0,0,1,0,1,1,0,0,0,1,De afwas,Zonde tijd,Een idee creëren om het makkelijker te maken.,The dishes,Waste of time,Creating an idea to make it easier.
71,3,1,2,0,0,0,0,0,0,0,0,0,0,0,1,0,0,0,,4,0,0,0,0,1,0,0,0,0,1,1,1,0,0,0,,3,1,4,1,1,0,0,0,1,0,0,1,0,0,0,0,0,0,0,0,0,1,2,Verslagen schrijven,Te veel nadenken in een paar korte zinnen kan is het rond maken super makkelijk,Niet,Writing reports,Thinking too much in a few short sentences can make it super easy,Not
263,1,2,2,0,0,1,0,0,0,0,1,0,0,0,1,0,0,0,,4,0,0,0,0,1,0,0,0,0,1,0,0,0,1,0,,4,2,4,0,0,1,0,1,0,0,1,0,0,0,0,1,0,0,1,0,1,0,2,Lessen voorbereiden,Omdat het gewoon veel tijd inneemt,Het opzetje zetten,Preparing lessons,Because it just takes a lot of time,Setting up the setup
138,5,1,4,,,,,,,,,,,,,,,,,2,0,0,0,0,0,0,0,0,0,0,0,0,0,0,1,nergens mee,1,1,1,0,0,0,1,0,1,0,0,0,0,0,0,0,0,0,0,0,0,1,1,nergens mee,n iet,niet vertrouw het niet,with nothing,not,don't trust it
219,5,2,4,,,,,,,,,,,,,,,,,3,0,0,0,0,0,0,0,0,0,0,0,0,0,0,1,Nergens mee,1,1,1,0,0,0,1,0,0,0,0,0,0,0,0,0,0,0,0,0,0,1,3,Geen,Geen behoefte aan ai,Geen idee,No,No need for AI,No idea
233,5,2,2,1,0,0,0,0,0,0,0,0,1,0,0,0,0,0,,4,1,0,0,0,0,0,1,0,0,0,0,0,0,0,0,,4,1,4,0,0,0,0,0,0,0,0,0,1,0,0,0,0,0,0,0,0,1,3,Nergens mee,Te veel werk,Geen idee,Not with anything,Too much work,No idea
93,3,2,1,1,1,0,1,0,0,0,1,1,0,1,0,0,1,0,,2,1,1,0,1,0,0,0,1,0,0,0,0,0,0,0,,4,2,2,1,0,0,0,1,1,0,1,0,0,0,1,0,0,0,0,1,0,0,2,"Agenda beheren en controleren, geschikte outfits zoeken",Het komt elke dag terug,"Een dagelijkse herinnering, het doornenem van een dag","Manage and check your agenda, find suitable outfits",It comes back every day,"A daily reminder, reviewing a day"
319,5,2,4,,,,,,,,,,,,,,,,,2,0,0,0,0,0,0,0,0,1,0,0,0,0,0,0,,1,1,1,1,0,0,0,0,0,0,0,0,0,1,0,1,0,0,0,1,1,1,3,ik kan niets noemen,ik vind niets frustrerend of tijdrovend,helemaal niet,I can't name anything,I don't find anything frustrating or time-consuming,not at all
247,4,2,1,0,1,1,1,0,0,0,0,1,0,0,0,0,0,0,,3,0,0,0,1,0,0,0,0,1,0,0,0,0,0,0,,3,3,3,1,0,0,0,0,1,0,0,0,0,0,0,0,0,0,0,1,0,0,1,Agenda,Steeds opzoeken,Meldingen weergeven,Agenda,Always look up,Show notifications
226,4,2,3,0,0,0,1,0,1,1,0,0,0,1,0,0,0,0,,4,0,1,0,0,0,0,1,0,1,0,1,0,0,1,0,,4,3,4,1,0,0,0,0,0,0,0,0,0,0,1,0,0,0,0,1,0,0,3,Email box opschonen,Vergeet het steeds,Melding of niet gelezen mail verdwijnen na een ingestelde tijd,Clean up email box,Keep forgetting,Notification or unread mail disappears after a set time
193,5,1,4,,,,,,,,,,,,,,,,,1,0,0,0,0,0,0,0,0,0,0,0,0,0,1,0,,3,3,5,1,0,0,0,0,0,0,0,0,0,0,1,0,0,0,0,0,0,0,1,Afwassen,Niet leuk,Geen idee,To wash up,Not nice,No idea
214,4,2,2,0,0,0,1,0,0,0,0,1,0,0,0,0,0,0,,4,1,0,0,1,0,0,0,0,1,0,1,0,0,0,0,,4,3,1,1,0,1,0,0,1,0,0,0,1,0,0,0,0,0,0,0,0,1,1,Rekeningen betalen,Veel rekenwerk,Overzicht maken,Paying bills,A lot of calculations,Create an overview
13,5,2,4,,,,,,,,,,,,,,,,,1,0,0,0,1,0,0,1,0,0,0,0,0,0,0,0,,1,3,1,1,0,1,0,0,0,0,0,0,0,0,0,1,0,0,0,0,0,1,3,Met geen enkele taak.,Ik doe het liever zelf.,Geen hulp nodig.,With no task.,I'd rather do it myself.,No help needed.
207,5,2,3,0,0,0,0,0,1,0,0,0,0,0,0,0,0,0,,4,1,0,0,0,0,0,0,0,1,0,1,0,0,0,0,,4,2,4,1,0,0,0,1,0,0,0,0,0,0,0,0,0,0,0,0,0,1,1,Dag plannen,Pfff,Weet niet,Day planning,Pfff,Don't know
267,5,1,4,,,,,,,,,,,,,,,,,1,0,0,0,0,0,1,0,0,0,0,0,0,0,0,0,,1,1,1,0,0,0,0,0,1,0,0,0,0,1,0,1,0,0,0,1,0,1,1,Helpen bij de afwas? Ik heb geen idee,Afwassen is nooit een leuke klus en AI kan mij daarbij niet helpen,Geen idee,Help with the dishes? I have no idea.,Washing dishes is never a fun chore and AI can't help me with that,No idea
313,5,2,4,,,,,,,,,,,,,,,,,1,0,0,0,0,0,0,0,0,0,0,0,0,0,0,1,Met niets,1,1,1,0,0,0,0,0,1,0,0,0,0,0,0,0,0,0,0,0,1,1,3,De schoonmaak,Je kan leukere dingen doen,Nou niets dus,The cleaning,You can do more fun things,Well nothing then
85,3,2,1,0,1,0,0,1,0,1,0,1,1,0,0,0,0,0,,5,0,0,0,0,0,1,0,1,0,0,0,0,1,1,0,,4,1,5,0,1,0,1,0,0,0,0,0,1,0,0,0,0,0,0,1,1,1,2,Appointment time,It doesn't satisfy me,To notify me of the proper time,Appointment time,It doesn't satisfy me,To notify me of the proper time
42,3,1,1,1,1,1,1,0,1,1,0,1,0,1,1,1,0,0,,5,1,1,1,1,1,0,0,0,1,0,1,1,0,1,0,,5,3,5,1,1,1,1,1,1,1,1,1,0,1,1,1,1,0,0,0,0,0,3,"Language translation and transcription Automation paper work Customer support chatbots ,voice assistant Data analysis and visualization",Time efficiency Consistency and accuracy is required in offices and AI which are nearly perfect can handle this,I,"Language translation and transcription Automation paper work Customer support chatbots, voice assistant Data analysis and visualization",Time efficiency Consistency and accuracy is required in offices and AI which are nearly perfect can handle this,I
230,4,2,3,0,0,0,0,0,0,1,0,0,0,0,0,1,0,0,,2,0,0,0,0,0,1,1,0,0,0,0,0,0,1,0,,2,3,4,1,0,0,1,0,0,0,0,0,0,1,0,0,0,0,0,1,0,1,1,Boodschappen doen en gerechten samensteld,Iedere dag weer verzinnen wat te komen en welke boodschappen daarvoor doen,Tip geven over diverse recepten,Shopping and preparing dishes,Every day we have to think about what to do and what groceries to buy,Give tips about various recipes
65,4,1,1,0,0,1,0,0,0,0,1,0,1,0,0,1,0,0,,4,0,0,0,1,0,0,1,0,1,1,0,0,0,1,0,,4,2,4,0,0,0,1,0,1,0,1,1,0,0,0,1,1,0,0,0,1,0,1,Ik wil geholpn worden met de bijzonderheden op de beleggersbeurs.,Het is tijdrovend omdat de beurs constant in beweging is.,Weet niet exact.,I would like assistance with the details of the investment fair.,It is time-consuming because the stock market is constantly moving.,Don't know exactly.
298,5,2,2,0,1,0,0,0,1,1,1,1,0,1,1,0,0,0,,4,1,0,0,1,0,1,0,0,1,0,0,0,0,0,0,,4,1,4,1,0,0,0,0,0,0,0,0,0,0,0,0,0,0,0,1,0,0,2,Met boodschappen,Lastig om te bedenken wat je nodig hebt,Lijstje maken,With groceries,It's hard to think of what you need,Make a list
157,5,2,2,0,0,1,0,0,0,1,0,0,0,0,0,0,0,0,,2,0,0,1,1,0,0,1,0,1,0,0,0,0,0,0,,2,1,2,0,0,0,0,0,1,0,0,0,0,1,0,0,0,0,0,0,0,1,1,Weet ik op dit moment niet,Zo ervaar ik het niet,Meer info hoe het werkt,I don't know at this time,I don't experience it that way,More info on how it works
177,4,1,2,0,0,1,0,0,0,0,0,0,0,0,0,0,0,0,,4,0,1,0,0,0,0,0,0,0,0,0,0,0,0,0,,4,1,4,1,0,0,0,0,1,0,0,0,0,0,0,0,0,0,0,1,0,0,1,Het plannen als soort agenda,Afapraken Erin zetten,Structuur,Planning as a kind of agenda,Set appointments,Structure
173,4,1,3,0,0,0,0,0,0,0,0,1,0,0,0,0,0,0,,1,0,0,0,0,0,0,0,0,1,0,0,0,0,0,0,,1,1,1,0,0,0,0,1,0,0,0,0,0,1,0,0,0,0,0,0,0,1,3,Poepen,Het geeft zo'n rotzooi,Geen idee,Pooping,It makes such a mess,No idea
127,5,2,3,0,0,0,0,0,0,0,0,1,0,0,0,0,0,0,,3,0,1,0,0,0,1,0,1,0,0,0,0,0,0,0,,1,1,2,0,0,0,0,1,1,1,0,0,0,0,0,0,0,0,0,0,0,1,3,Geen,Ik hou er niet van,Nee,No,I don't like it,No
312,5,1,4,,,,,,,,,,,,,,,,,2,0,0,0,0,0,0,0,0,1,0,0,0,0,0,0,,2,1,2,1,0,0,0,1,0,0,0,0,0,1,0,0,0,0,0,1,1,1,1,Gewoon vragen die ik heb meer niet,Omdat ik de juiste antwoorden niet weet te vinden,Dat deze de antwoorden wel snel op weet te lepelen,Just questions I have nothing more,Because I can't find the right answers,That he can quickly come up with the answers
143,2,1,1,1,0,0,0,0,0,0,0,0,0,1,0,1,1,0,,4,0,1,0,0,0,1,0,0,0,0,1,0,0,0,0,,4,1,4,0,0,0,0,0,1,1,0,1,0,0,0,0,0,0,1,0,0,0,1,Werk en planning,Omdat het voor mij een lastig vak is,Door mij het goed aan te leren voor de juiste structuur,Work and planning,Because it is a difficult subject for me,By teaching me the right structure
140,2,1,2,0,1,1,0,0,1,0,1,1,0,0,0,0,1,0,,4,0,1,0,0,0,1,1,1,0,0,1,0,0,0,0,,3,3,4,1,1,0,0,0,1,0,0,0,0,1,1,0,0,0,0,0,0,0,1,Recept voor de avondeten,Dagelijks iets bedenken voor de avondeten vind ik frusterend.,Nieuwe recepten voorstellen en meedenken met de groenten en producten die ik thuis heb voor een recept.,Recipe for dinner,Coming up with something to make for dinner every day is frustrating for me.,Suggesting new recipes and brainstorming with the vegetables and products I have at home for a recipe.
333,5,2,2,0,0,0,0,0,0,1,0,1,0,0,0,0,1,0,,1,0,1,0,0,0,0,1,0,0,0,0,0,1,0,0,,1,1,4,0,0,0,1,1,1,0,1,0,1,0,0,1,0,0,1,1,0,1,1,Het plannen van feestjes met alles erop en eraan,"Dat is niet het geval, maar het is een leuke bijkomstigheid om ideeën te krijgen van AI",Met ideeën en tips komen waar ik zelf niet zogauw aan zou denken,Planning parties with all the trimmings,"That's not the case, but it's a nice side effect to get ideas from AI",Coming up with ideas and tips that I wouldn't normally think of myself
11,4,2,3,0,0,0,0,0,0,0,0,1,0,0,0,0,0,0,,1,0,0,0,0,0,0,0,0,1,0,0,0,0,0,0,,1,1,1,0,0,0,0,1,1,0,0,0,0,1,1,1,0,0,1,0,1,1,1,Geen,Vind ik niet,Niet,No,I don't think so,Not
113,2,3,2,1,1,0,0,0,0,1,0,0,0,0,0,0,1,0,,4,1,0,0,0,0,0,1,1,0,0,0,0,0,1,0,,4,3,4,0,0,0,1,0,0,0,0,0,0,0,0,0,0,0,0,1,0,1,3,Recepten,Frustrerend,Oplezen. Duidelijker maken. Vertalen,Recipes,Frustrating,Read aloud. Clarify. Translate
256,2,1,2,0,1,0,0,0,0,0,0,0,0,0,0,0,0,0,,2,0,0,0,0,1,0,0,0,1,0,0,0,0,0,0,,2,1,3,0,1,0,0,0,0,0,0,0,0,0,0,0,0,0,0,1,0,0,3,Op zakelijk gebied,A.i heeft meer kennis van zaken en maakt het makkelijker om te doen,Met duidelijke antwoorden,In business,A.i. has more knowledge and makes it easier to do,With clear answers
236,5,1,2,0,0,1,0,0,0,0,0,1,0,0,0,0,0,0,,2,0,0,0,0,0,0,0,0,1,0,0,0,0,0,0,,2,1,1,0,0,0,0,0,0,0,0,1,0,0,0,0,0,0,0,0,0,1,3,Sinterklaasgedicht of excuses bedenken om geen mantelzorg te hoeven verlenen,Kent u mijn schoonvader?,Euthanasie op afstand,Sinterklaas poem or making excuses to avoid having to provide informal care,Do you know my father-in-law?,Remote euthanasia
53,3,2,1,0,0,1,0,0,0,0,0,1,0,0,0,0,0,1,Researching more about my work,4,1,1,1,1,0,0,0,0,0,0,1,0,0,0,0,,4,3,5,0,1,0,1,1,1,0,1,0,0,0,0,0,0,0,0,0,0,1,1,My daily work,Because ir uses network stability,I do not know actually,My daily work,Because ir uses network stability,I do not know actually
213,5,2,2,0,0,0,0,0,0,0,0,0,0,0,0,0,0,1,Foto's aanpassen,2,0,0,0,0,0,0,0,1,0,0,0,0,0,0,0,,1,3,1,1,0,0,1,0,0,0,0,0,0,1,1,1,0,0,0,0,0,1,1,Geen voorkeur,Geen ide3,Geen idee,No preference,No ide3,No idea
216,2,2,2,0,0,0,0,1,1,0,0,1,0,0,0,0,0,0,,5,0,0,0,0,0,1,0,0,0,0,0,0,0,1,0,,5,2,5,0,0,0,0,1,0,0,0,0,1,1,1,0,0,0,0,0,0,0,2,Hrgvh,"Monotoon en repetitief zijn: Taken waarbij steeds dezelfde handelingen herhaald moeten worden (bijvoorbeeld het handmatig invoeren van grote hoeveelheden gegevens, archiveren). Mensen raken hierdoor snel verveeld of vinden het geestdodend.",Informatie verzamelen,Hrgvh,"Monotonous and repetitive: Tasks that require repeating the same actions over and over again (e.g., manually entering large amounts of data, filing). People quickly become bored or find them mind-numbing.",Gathering information
19,5,2,3,0,0,0,0,0,0,0,0,1,0,0,0,0,0,0,,4,0,0,0,0,0,0,0,0,1,0,0,0,0,1,0,,5,3,5,0,0,0,0,0,1,0,0,0,0,1,0,1,0,0,0,1,0,1,3,Informatie zoeken,Omdat ik echt een pietje precies ben,Overzichtelijk,Search for information,Because I'm really a stickler for detail,Clear
284,3,1,3,0,0,0,1,0,0,0,0,0,0,1,0,0,0,0,,2,0,0,1,0,0,1,0,0,0,0,1,0,0,0,0,,4,3,5,0,0,1,0,1,1,0,0,0,0,0,0,0,0,0,0,0,1,1,1,geld verdienen,weinig aanbod veel vraag anno 2025,goede tools,earn money,"little supply, high demand in 2025",good tools
304,4,2,2,0,0,1,0,0,1,0,1,1,0,1,1,0,0,0,,4,0,1,1,0,0,1,1,1,1,0,1,1,0,1,0,,4,2,2,0,0,0,1,0,1,0,0,0,0,1,1,1,0,0,0,0,0,0,1,herhalingen van dingen die ik moet doen maar uitstel,"ik heb de neiging om ze uit te stellen. Als AI me er aan zou herinneren, voral via spraak, zou dat motiverend zijn",geen idee,repetitions of things I have to do but postpone,"I tend to procrastinate. If AI could remind me, especially through voice, that would be motivating.",no idea
35,5,1,4,,,,,,,,,,,,,,,,,4,0,0,0,0,0,0,0,1,0,0,0,0,0,0,0,,2,3,2,0,0,0,0,0,1,0,1,0,0,0,0,0,0,0,0,0,1,1,1,Stofzuigen,Komt steeds terug en is nooit klaar,Geen idee,Vacuuming,Keeps coming back and is never finished,No idea
25,2,2,3,0,0,0,0,0,0,0,0,1,0,0,0,0,0,0,,2,0,0,0,0,0,0,0,0,1,0,0,0,0,0,0,,2,3,1,0,0,0,1,1,0,0,0,0,0,1,0,1,0,0,0,0,0,1,3,"Eigenlijk geen, tot de techniek betrouwbaar is",Is niet het geval,In opdracht,"Actually none, until the technology is reliable",It is not the case,On commission
281,3,2,2,0,1,0,0,0,1,0,1,0,0,0,0,0,1,0,,4,0,1,0,0,0,0,0,1,0,0,0,0,0,1,0,,4,1,4,0,0,0,0,1,1,0,0,0,0,1,0,0,0,0,0,0,0,0,2,Geen opmerkingen,Geen opmerkingen,Snel denk functie,No comments,No comments,Quick thinking function
221,3,1,2,0,0,0,1,0,0,0,0,0,0,0,0,0,0,0,,4,0,0,0,0,0,0,0,1,0,1,0,0,0,0,0,,4,1,4,1,0,1,1,0,0,0,0,0,0,0,0,0,0,0,1,0,0,0,1,Onder het werken ben ik altijd druk dat hulp van Al zou ik beter geholpen willen worden,Op mijn werk moet vaak mensen helpen en begeleiden,Als.ik een antwoord typ dat ik de juiste teksten krijg te ziwn,While working I am always busy that I would like to be helped better by Al,At my work I often have to help and guide people,When I type an answer I get the correct texts to see
92,5,1,1,0,1,1,1,0,0,0,1,1,0,0,1,0,0,0,,4,0,1,1,0,0,0,0,1,1,0,0,1,1,0,0,,5,3,1,1,0,0,0,1,1,0,0,1,1,1,0,1,0,0,0,0,0,0,1,Het maken van verslagen voor mijn werk,Dankzij AI bespaar ik tijd en moeite,Door in een paar seconden een fatsoenlijk verslag te mak,Making reports for my work,Thanks to AI I save time and effort,By making a decent report in a few seconds
94,4,2,1,1,0,1,1,0,1,1,0,0,0,0,0,0,0,0,,5,1,1,1,0,1,0,0,0,0,0,0,0,1,0,0,,5,1,5,0,1,1,1,0,1,0,1,1,0,1,0,1,1,0,0,0,1,0,1,Meetings,Statistiek,Als voor mij te doen,Meetings,Statistics,As for me to do
8,4,2,4,,,,,,,,,,,,,,,,,1,0,0,0,0,0,0,0,0,0,0,0,1,0,0,0,,1,1,1,0,0,0,1,0,0,0,0,0,0,0,0,0,0,0,0,0,1,0,3,Email opstellen,Typen kost moeite voor mijn pijnlijke handen,Tekst invoeren,Compose email,Typing is hard for my sore hands,Enter text
279,5,1,2,0,0,1,0,0,0,0,0,0,0,0,0,0,0,0,,4,0,0,1,0,0,0,0,0,0,0,0,0,0,0,0,,4,3,4,0,0,0,0,0,1,0,0,1,0,0,0,0,0,0,0,1,0,0,3,Ik kan het proberen.,Ongemakkelijk,Weet et niet?,I can try.,Uncomfortable,Don't know?
258,2,2,1,1,0,1,1,1,1,0,0,0,0,1,1,1,1,0,,4,0,0,1,1,0,1,0,1,0,1,1,1,1,1,0,,4,1,5,0,1,1,0,1,0,1,1,1,0,1,0,0,1,0,1,0,1,1,1,E-mailautomatisering,Ik sla over,Om de taak te autoriseren,Email automation,I skip,To authorize the task
187,2,2,3,0,0,0,0,0,0,0,0,1,0,0,0,0,0,0,,3,0,1,0,0,1,1,1,0,0,0,1,0,0,0,0,,3,1,3,1,0,1,0,1,1,0,1,0,1,1,1,1,1,1,1,0,0,0,3,Met het plannen van mijn dagtaken,Soms verlies ik overzicht. Omdat ik veel te druk ben te veel afspraken heb,Door overzicht te creëren,Planning my daily tasks,Sometimes I lose track. Because I'm way too busy and have too many appointments.,By creating an overview
295,3,2,1,0,1,1,0,0,0,1,0,0,0,0,1,0,0,0,,4,0,0,1,1,0,1,0,0,1,0,0,1,0,1,0,,3,1,2,1,0,0,0,0,1,0,0,1,0,0,0,1,0,0,1,0,0,0,1,Reminds me of my daily things,I often forget,Maybe an alarm,Reminds me of my daily things,I often forget,Maybe an alarm
208,4,2,2,0,0,0,0,0,0,0,0,0,0,0,1,0,1,0,,3,0,1,0,0,0,0,0,0,1,1,0,1,0,0,0,,3,3,3,0,0,0,0,0,1,0,1,0,0,0,0,1,1,0,1,0,0,0,3,Het bedenken van een menu om te eten met mijn familie.,Wenigvtijd om er over na te denken en boodschappen te doen.,Plannen van menu enbesyelken van wat ik nodig heb.,Thinking about a menu to eat with my family.,Little time to think about it and go shopping.,Plannen van menu enbesyelken van wat ik nodig heb.
29,2,1,1,0,0,0,1,0,0,0,1,1,1,1,0,1,1,0,,4,0,0,0,0,0,1,0,0,0,0,1,0,0,1,0,,4,2,5,0,0,0,0,0,1,0,1,0,0,1,1,0,0,0,1,0,0,0,2,Pas als ik echt hulp nodig heb dus ik wil zelf controle hebben over wanneer hoe en wat,Omdat je het net zo makkelijk aan chatgpt kan vragen,rustig en normaal,"Only when I really need help, so I want to have control over when, how and what",Because you can just as easily ask chatgpt,calm and normal
145,5,1,4,,,,,,,,,,,,,,,,,1,0,0,0,0,0,0,0,0,0,0,0,0,0,0,1,Ik wil geen hulp va ai,1,3,1,0,0,0,0,0,0,0,0,1,0,1,0,0,0,0,0,1,1,1,3,Nergens mee,Vind ik niet,"Niet, wil ik niet",Not with anything,I don't think so,"No, I don't want to"
176,3,2,1,1,0,0,1,1,0,1,1,0,0,0,0,0,1,0,,5,0,1,0,0,1,0,0,1,1,0,0,0,0,0,0,,5,1,5,0,0,0,0,1,1,0,1,1,1,0,0,0,0,0,0,0,1,1,1,Brieven schrijven,Omdat het soms teveel is,Tekst verbeteren,Writing letters,Because sometimes it's too much,Improve text
28,4,2,2,0,1,0,0,0,0,0,0,1,0,0,0,0,0,0,,3,1,0,0,1,0,0,0,0,0,0,0,1,0,0,0,,2,1,1,1,0,0,0,1,0,0,0,0,0,0,0,0,0,0,0,1,0,0,3,Google zoekresultaten met AI,Weet niet,Snelle zoekresultaten,Google search results with AI,Don't know,Quick search results
250,5,2,4,,,,,,,,,,,,,,,,,1,0,0,0,0,0,0,0,1,0,0,0,0,0,0,0,,1,1,5,1,0,0,0,0,0,0,0,0,0,1,1,0,0,0,1,0,0,1,3,Kleding advies,Duurt te lang om alles op te zoeken,Dat hij met bepaalde suggesties komt,Clothing advice,Takes too long to look up everything,That he comes up with certain suggestions
345,4,1,1,1,1,1,1,0,1,0,0,1,1,1,1,1,1,0,,5,1,1,1,1,1,1,1,1,1,1,1,1,1,1,0,,5,3,4,1,1,0,1,1,1,1,1,1,1,0,0,1,0,0,1,0,0,0,1,Controle houden op de koelkast voorraad. Helpen met emails schrijven Teksten snel analyseren en een samenvatting hiervan geven Etc,Soms is een lange tekst doorlezen te tijdrovend. Zeker als je snel tot een conclusie moet komen mbt beslissingen. Dan is een duidelijke samenvatting de beste oplossing.,De tijd die het mij kost om een lange tekst te lezen op zich nemen. Samenvattingen maken Mogelijk advies geven op basis van bepaalde input van mij,Keeping track of refrigerator inventory. Helping with writing emails. Quickly analyzing texts and providing a summary. Etc.,"Sometimes reading a long text is too time-consuming, especially if you need to reach a quick conclusion regarding decisions. In that case, a clear summary is the best solution.",Taking the time it takes me to read a long text. Creating summaries. Possibly offering advice based on some of my input.
293,3,2,1,0,0,0,0,0,0,0,0,0,0,0,0,1,0,0,,1,0,0,0,0,0,0,0,0,0,0,0,0,0,0,1,Ik wil geen persoonlijke AI assistent. Chat got is goed zat,1,3,1,0,0,0,0,1,1,0,0,0,0,1,1,1,1,1,1,0,1,1,1,Geen ik leef mijn eigen leven hoeft ai niet voor mij te doen,Omdat ai dom is en veel foute informatie geeft waardoor ik eigenlijk meer bezig ben met ai antwoord controleren dan wat met het antwoord doen,Niet,No I live my own life don't need anyone to do it for me,"Because AI is stupid and gives a lot of wrong information, which means I'm actually more concerned with checking the AI ​​answer than doing anything with the answer.",Not
108,4,2,2,0,1,0,0,0,0,1,1,0,0,0,0,1,1,0,,4,0,1,0,0,0,0,1,1,0,0,0,0,1,0,0,,4,1,4,0,0,0,0,0,1,0,0,0,0,0,1,1,0,0,0,0,0,0,3,Idee opdoen met koken,Gewoon leuk,Geen idee,Get ideas for cooking,Just fun,No idea
165,5,2,2,0,0,1,0,0,1,1,0,1,0,0,0,0,0,0,,5,0,1,1,0,0,1,1,1,1,0,0,0,0,0,0,,1,2,1,1,0,0,0,0,1,1,0,1,1,0,0,1,0,0,0,1,0,0,3,Recepten zoeken. Boodschappenlijst maken.,Ik vergeet vaak de helft bij het doen van booedschappen.,Een goede lijst maken. Vragen wat ik in huis heb en wat ik moet kopen.,Find recipes. Create a shopping list.,I often forget half of it when doing the grocery shopping.,Making a good list. Asking what I have at home and what I need to buy.
302,3,2,2,0,0,0,0,0,1,0,0,1,0,0,0,0,0,0,,2,0,0,0,0,0,1,0,0,1,0,0,0,0,0,0,,2,1,2,0,0,0,0,0,1,0,0,0,0,0,0,0,0,0,0,0,0,1,3,Geen,Scheelt tijd,Info opzoeken,No,Saves time,Look up information
218,5,1,4,,,,,,,,,,,,,,,,,3,0,0,0,0,1,0,0,0,1,0,0,0,0,0,0,,4,1,2,1,1,1,0,0,1,0,0,0,0,0,1,1,0,0,1,0,0,0,1,Bijhouden financiën,Tijdrovend,Beheren van administratie,Keeping track of finances,Time consuming,Managing administration
125,5,2,4,,,,,,,,,,,,,,,,,3,0,0,0,1,0,1,1,1,0,0,0,0,0,0,0,,2,3,3,0,0,0,0,0,1,0,0,0,0,0,0,0,0,0,0,0,0,1,3,Met niets,Te druk met andere dingen,Geen interesse,With nothing,Too busy with other things,Not interested
289,4,2,2,0,0,0,0,0,0,1,1,0,0,0,0,0,0,0,,2,0,0,0,0,0,0,1,0,0,0,0,0,0,0,0,,1,1,1,0,0,0,0,0,0,1,0,1,0,0,1,0,0,0,0,0,0,1,1,geen,ik heb geen tijdrovende taken,geen idee,no,I don't have any time-consuming tasks,no idea
311,4,1,1,0,1,0,1,0,0,1,1,0,0,0,0,0,1,0,,4,0,0,0,0,0,0,0,1,1,0,0,0,0,1,0,,4,1,4,0,0,0,1,0,1,0,0,0,0,0,0,0,0,0,0,0,0,1,1,gewoon even zoeken,kost geld,tijd verkorten,just search,costs money,shorten time
102,3,2,1,1,0,0,0,0,0,0,0,0,0,0,0,0,0,0,,4,0,0,0,1,0,0,0,0,0,0,0,0,0,0,0,,4,1,4,0,0,0,0,0,1,0,0,0,0,0,1,0,0,0,0,0,0,0,1,Van als het is handig,Weet ik niet,Weet ik niet,From if it is convenient,I don't know,I don't know
308,1,2,1,0,0,1,0,0,0,0,0,0,0,1,0,1,1,0,,4,0,0,0,0,1,0,0,0,0,0,0,0,1,0,0,,4,3,4,0,0,0,0,1,0,0,0,0,0,1,0,0,0,0,0,0,0,0,1,Het goed helpen met leren,Het studenten leven is pittig,D,Helping with learning well,Student life is tough,D
215,4,1,3,0,0,0,0,0,0,0,1,0,0,0,0,0,0,0,,3,0,0,0,0,0,0,0,0,0,1,0,0,0,0,0,,3,2,3,0,0,1,0,0,0,0,1,0,0,0,0,0,0,0,1,0,0,0,3,Nieuwe sollicitatie,Rooster,Verwerken,New application,Schedule,Process
184,5,1,2,0,0,0,0,0,0,0,0,1,0,0,0,0,0,0,,3,0,0,0,0,0,0,0,0,1,0,0,0,0,0,0,,1,1,1,0,0,0,1,1,1,0,0,0,0,0,0,1,0,0,1,0,0,0,1,weet ik niet,n.n.t.,"n,v,t,",I don't know,n.n.t.,"n,v,t,"
325,4,1,1,0,0,0,1,1,0,1,1,0,1,0,0,1,0,0,,4,0,0,1,0,0,1,0,1,1,0,0,0,0,0,0,,4,1,2,0,0,0,1,1,1,0,0,0,1,1,0,0,0,1,1,0,0,0,2,Met de financieele taken,Kost heel veel tijd,Met taken van me overnemen en assisteren,With the financial tasks,Takes a lot of time,By taking over tasks from me and assisting
225,4,2,1,0,1,0,1,0,1,0,0,1,1,0,0,0,0,0,,3,0,1,0,1,1,1,0,0,1,1,1,0,0,0,0,,2,1,1,1,1,1,1,1,1,1,1,1,0,1,1,1,0,0,1,0,0,0,2,Bepaalde opvoedkwesties of medische vragen,Die vind ik niet frustrerend of tijdrovend. Ik zet dit in als extra bron,Door zorgvuldig dich snel de juiste antwoorden te vinden en geven,Certain parenting issues or medical questions,I don't find this frustrating or time-consuming. I use this as an additional resource.,By carefully finding and providing the right answers quickly
331,3,2,1,0,0,1,1,0,0,0,0,0,0,0,0,1,0,0,,5,1,0,0,1,0,0,0,0,1,0,0,0,0,0,0,,5,1,5,0,1,0,0,0,0,0,0,0,0,0,0,0,0,0,0,1,0,0,1,Ja,Kost veel tijd,Uit handen nemen,Yes,Takes a lot of time,Taking over
277,4,2,1,1,1,1,1,0,1,0,0,1,0,0,0,0,1,0,,4,1,1,1,1,1,1,1,1,1,1,1,1,1,1,0,,3,1,2,1,1,1,0,1,1,1,0,1,1,1,1,1,1,0,0,1,0,0,1,moeilijke gesprekken voorbereiden,moet te veel over nadenken,geeft mij ideeën en suggesties,preparing for difficult conversations,have to think about it too much,gives me ideas and suggestions
205,2,2,2,0,0,0,1,0,0,1,0,1,0,1,0,0,1,0,,3,0,1,1,1,0,0,0,0,1,0,0,0,1,1,0,,2,1,1,1,0,1,1,1,1,0,1,0,1,1,1,1,1,0,0,0,0,1,3,"Dingen uitzoeken, waar staat wat",Veel werk en heel saai,Die kan heel snel alles doorzoeke,"Finding things out, what is where",A lot of work and very boring,That one can search everything very quickly
261,2,2,2,1,0,1,0,0,0,0,0,0,0,1,0,1,0,0,,3,0,0,1,0,1,0,1,0,0,1,0,0,0,0,0,,3,2,3,0,1,0,0,1,0,0,1,1,0,1,0,0,1,0,0,0,0,0,2,Alles geld verdienen,Krijg er stress van,B,Earn money from everything,I get stressed out about it,B
33,5,2,2,0,0,0,0,0,1,0,0,1,1,0,0,0,0,0,,5,0,0,0,0,0,0,0,1,0,0,0,1,0,0,0,,5,2,4,1,0,0,1,0,1,0,0,0,0,1,0,1,0,0,0,0,0,0,2,Met advies,Teveel tijd om op te zoeken,Snel antwoord,With advice,Too much time to look up,Quick answer
76,5,2,2,0,0,0,0,0,0,0,0,1,0,0,0,0,0,0,,4,0,0,0,0,0,0,0,0,1,0,0,0,0,0,0,,4,1,2,1,1,0,0,0,1,0,0,0,0,0,0,0,0,0,0,0,1,0,3,geen idee,nee,geeft snel antwoord op mijn vraag,no idea,no,answers my question quickly
74,3,2,1,1,0,0,0,0,1,1,0,0,0,0,1,1,0,0,,5,0,1,1,0,0,1,0,0,0,0,0,0,1,1,0,,5,2,5,1,0,0,0,0,0,1,0,0,0,0,0,0,0,0,1,0,0,0,3,Makkelijker vinden van antwoorden waar k op dat komen vragen over heb,Zoeken via Google wat het antwoord s,Die regelt het antwoord onderbouwend,Easier to find answers to questions I have about that.,Searching Google for the answer,This provides a substantiated answer
167,5,2,4,,,,,,,,,,,,,,,,,1,1,0,0,1,1,0,1,0,0,0,1,0,0,0,0,,1,1,1,0,1,1,0,0,0,1,0,1,0,1,0,0,0,0,0,0,0,1,1,Plannen van de week,Kan geen overzicht bewaren,Weet ik niet,Plans of the week,Unable to keep an overview,I don't know
160,3,2,4,,,,,,,,,,,,,,,,,2,0,0,0,1,0,0,0,0,0,0,0,0,0,0,0,,2,2,1,1,0,0,0,0,0,0,0,0,0,0,0,1,0,0,0,0,0,1,1,Rekeningen betalen,Alles moet je opzoeken,Weet ik niet,Paying bills,You have to look up everything,I don't know
162,3,2,2,0,0,0,0,0,0,0,0,1,0,0,0,0,0,0,,4,0,1,0,1,0,1,0,0,0,0,0,1,1,0,0,,4,2,2,0,1,1,0,0,0,1,1,0,0,0,0,0,0,0,1,0,1,0,2,Dingen opzoeken,Soms kost het best wat tijd,Sneller zoeken,Looking things up,Sometimes it takes quite some time,Search faster
185,5,1,2,0,0,0,0,0,0,0,1,0,0,0,0,1,0,0,,3,0,0,0,0,0,0,0,1,1,0,1,0,0,1,0,,2,3,3,1,0,0,0,0,1,0,0,1,0,0,0,0,1,0,0,0,0,1,2,Briefen maken,Ben er gewoon niet goed in,Ik verwacht er veelbvan,Creating briefs,I'm just not good at it,I expect a lot from it
282,5,2,4,,,,,,,,,,,,,,,,,2,0,0,0,1,0,1,0,0,0,0,0,0,0,1,0,,3,3,2,0,0,0,1,0,1,0,0,1,0,1,1,0,0,0,0,0,0,1,3,Recepten,Weet niet precies hoe het werkt.,Misschien recepten aanleveren.,Recipes,Not sure exactly how it works.,Perhaps provide recipes.
342,1,2,2,0,0,0,0,0,0,0,0,0,0,0,0,1,0,0,,4,0,0,0,0,0,0,0,0,0,0,0,0,0,1,0,,2,2,5,1,0,0,0,0,0,0,0,0,0,0,0,0,0,0,0,0,1,0,1,Betere kwaliteit,Soms fout,Vragen,Better quality,Sometimes wrong,To ask
73,3,2,2,0,0,0,1,0,1,1,1,0,0,0,0,1,0,0,,3,0,0,1,1,1,1,1,1,1,1,1,1,0,0,0,,2,1,1,0,1,0,1,0,1,0,0,0,0,1,1,1,0,0,0,1,0,0,1,Boodschappen,Kost veel tijd en is saai,Bestelling plaatsen,Groceries,Takes a lot of time and is boring,Placing an order
57,5,1,2,0,0,1,0,0,0,0,0,1,0,0,0,0,0,0,,5,0,1,1,1,0,0,0,1,1,0,1,0,0,0,0,,4,3,3,1,1,0,0,1,0,1,0,1,0,0,1,0,1,1,0,0,0,0,2,Beleggen,Het is lastig,Geen idee,Investing,It's difficult,No idea
179,1,1,3,0,1,0,0,0,0,0,0,0,1,0,0,0,0,0,,5,0,1,1,0,0,1,0,0,0,0,0,0,0,0,0,,5,3,1,0,1,0,0,0,1,0,1,1,0,0,0,0,0,1,0,0,0,1,3,Sporten,Vergeet t altijd,Dat ie me een berichtje stuurt,To play sports,Always forget it,That he sends me a message
328,1,2,1,0,0,1,0,0,0,1,0,1,0,0,0,0,0,0,,3,1,0,1,1,0,0,1,1,0,1,1,1,1,1,0,,3,1,1,1,1,1,0,0,0,1,1,1,1,1,1,1,0,0,1,1,0,1,1,Ik weet niks anders dan eerder opgenoemd,N.v.t,N.v.t,I don't know anything other than what was mentioned before,N.v.t,N.v.t
290,3,1,2,0,0,0,0,0,0,0,1,0,0,1,0,0,0,0,,5,0,0,0,0,0,0,0,1,0,1,0,0,0,0,0,,5,3,5,0,0,0,0,0,1,0,0,0,0,1,0,0,0,0,0,0,0,0,3,Reizen,Het helpt mij goedkope aanbiedingen te zoeken,Door hem te vragen naar goedkope reisvluchten te zoeken,To travel,It helps me find cheap deals,By asking him to search for cheap travel flights
249,2,2,2,0,0,0,0,0,0,0,0,1,0,0,0,0,0,0,,4,0,0,1,0,0,0,0,0,0,0,0,0,0,1,0,,3,1,3,0,0,0,1,1,0,0,0,0,0,0,0,0,0,1,0,0,0,0,2,Schrijven van verslagen of het overzichtelijk maken van mijn taken,Omdat het vaak herhalingen zijn van zaken die ik al eerder heb gedaan,Overzichtelijk en duidelijkheid,Writing reports or making my tasks clear,Because they are often repetitions of things I have done before,Clear and concise
182,3,1,4,,,,,,,,,,,,,,,,,2,1,0,0,0,0,0,0,0,1,0,0,1,0,1,0,,2,1,1,0,0,0,0,1,0,0,1,0,0,1,1,0,0,0,0,1,1,1,1,Audit controles,Ze komen elke dag terug,Assiteren door dingne klaar te zetten om te controleren,Audit controls,They come back every day,Assist by preparing things to check
270,5,2,1,0,0,0,0,1,0,0,1,0,0,0,0,0,0,0,,4,0,0,0,0,0,0,0,1,0,0,0,0,0,0,0,,4,1,4,0,0,0,0,0,0,0,1,0,0,0,1,0,0,0,0,0,0,0,1,Weet nog niet,Tijdrovend,Goed help,Don't know yet,Time consuming,Good help
117,5,1,4,,,,,,,,,,,,,,,,,3,0,0,0,0,0,0,0,0,1,0,0,0,0,0,0,,3,3,1,0,0,1,0,0,0,0,0,0,0,0,1,0,0,0,0,0,0,0,3,"geen idee , weet niet wat het doet of wat het kan",welke taken ?,ik verwaccht niks want weet niet wat het doet of wat het kan,"no idea, don't know what it does or what it can do",which tasks?,I don't expect anything because I don't know what it does or what it can do
62,3,1,2,0,0,0,0,0,0,0,0,0,1,0,0,0,0,0,,5,0,0,0,0,1,1,0,0,0,1,0,0,0,0,0,,5,3,5,1,0,0,1,0,0,0,0,0,1,0,0,0,1,0,0,1,0,0,1,In my work,Mayb when network is bad,Slightly need it for more findings,In my work,Maybe when network is bad,Slightly need it for more findings
264,4,1,1,1,1,1,1,0,0,0,0,1,0,1,0,1,0,0,,1,0,0,0,0,0,0,0,0,0,0,0,0,0,0,1,ik wil het zelf doen,4,3,4,1,1,0,0,1,1,0,0,1,1,0,0,0,0,0,0,0,1,1,1,"nou met het vertalen van mijn gedachtes, maar die neurolink werkt volgens mij nog niet, ga het chatpgt zo vragen: Elon Musk was er volgens mij al wel mee bezig.","omdat daarvoor nog geen rechtstreekse vertaling is, en ik veel sneller denk dan kan typen, schrijven of meer",tja daar ben ik ook benieuwd naar,"Well, with translating my thoughts, but I don't think the neurolink is working yet. I'll ask the chatpgt: I think Elon Musk was already working on it.","because there is no direct translation for that yet, and I think much faster than I can type, write or more","Well, I'm curious about that too"
306,2,2,1,0,1,1,1,0,0,1,0,1,1,0,0,1,0,0,,4,0,0,0,0,0,0,1,1,1,1,0,0,0,1,0,,4,1,4,0,0,0,1,0,0,0,0,1,0,0,0,0,0,0,0,0,1,1,2,Kook recepten bedenken,Omdat ik thuis kom en geen zin heb om nog te bedenken wat ik moet maken,Een week recept maakf,Create cooking recipes,Because I come home and I don't feel like thinking about what to make,A week recipe make
55,1,2,2,0,0,1,0,0,0,1,0,0,0,0,0,0,0,0,,4,0,1,1,0,0,0,0,0,1,0,0,0,0,0,0,,1,1,4,1,0,0,1,0,0,1,1,1,1,1,0,1,0,0,0,0,0,0,2,Agenda,Het is teveel,Het netjes op een rij zetten en mij herrineren aan taken,Agenda,It's too much,Putting things neatly in order and reminding me of tasks
87,3,2,2,0,1,0,0,0,0,0,0,1,0,0,1,0,0,0,,1,0,0,1,0,0,0,1,0,0,0,0,0,1,1,0,,1,1,1,1,0,0,1,1,0,0,0,0,0,1,1,1,0,0,0,1,0,0,3,Helpen leren nieuwe skills en nieuw talen. Plannen van reizen. Plannen roosters bijv wekelijks maaltijden en work out.,Want het duurt tijd en het is repetitief,Door plannen en schema's te maken,"Helping learn new skills and new languages. Planning trips. Planning schedules, e.g., weekly meals and workouts.",Because it takes time and it's repetitive,By making plans and schedules
292,3,2,2,0,1,0,0,0,0,0,0,0,0,0,1,0,0,0,,4,1,0,1,0,0,0,0,0,0,1,0,0,0,0,0,,4,1,4,0,0,0,0,0,1,0,0,0,0,1,0,0,0,0,0,0,0,0,1,Financiën,Geeft te veel uit,Reminder voor bepaalde betalingen,Finances,Spending too much,Reminder for certain payments
178,1,2,1,0,0,0,0,0,0,0,0,1,0,0,0,0,0,0,,2,0,1,1,0,0,1,0,0,1,0,0,0,0,0,0,,2,1,5,1,0,0,0,0,1,0,0,0,0,0,0,0,0,0,0,0,1,0,2,Verslagen schrijven,Kost me te veel tijd,Dat dit netjes en mooi beschreven wordt,Writing reports,Takes me too much time,That this is described neatly and beautifully
96,1,1,1,0,0,1,1,0,1,1,0,1,0,0,0,1,1,0,,4,0,1,1,1,0,1,1,1,1,1,1,1,1,1,0,,1,1,2,1,1,0,0,0,1,0,0,1,0,1,0,1,0,0,0,0,0,0,3,maken van opdrachten,verslagen van 10000 woorden schrijven in een paar weken,deze kan voor mij typen en helpen informatie te vinden,making assignments,"writing 10,000 word reports in a few weeks",this one can type for me and help find information
231,4,1,2,0,0,1,0,0,0,0,0,0,0,0,0,0,0,0,,1,0,0,0,0,0,0,0,0,0,0,1,0,0,0,0,,2,3,1,0,0,0,0,0,1,0,0,0,0,0,0,0,0,1,0,1,0,0,3,Ik heb werkelijk geen idee,Hoe het in elkaar zit,De betrouwbaarheid laat te wensen over,I really have no idea,How it works,The reliability leaves much to be desired
340,5,1,4,,,,,,,,,,,,,,,,,1,0,0,0,0,0,1,0,0,0,0,0,0,0,0,0,,1,1,1,0,0,0,1,0,0,0,0,0,0,1,0,0,0,0,0,0,0,0,3,Niks,Heb dit niet nodig,Niet,Nothing,Don't need this,Not
318,5,2,4,,,,,,,,,,,,,,,,,1,0,0,0,0,0,0,0,0,0,0,0,0,0,0,1,nog niet besloten ai te gebruiken,1,1,1,0,1,0,1,1,0,0,1,0,0,1,1,1,0,0,1,1,1,1,3,weet ik nog niet zeker,weet er nog niet genoeg van,ik verwacht nu nog niks,I'm not sure yet,don't know enough about it yet,I don't expect anything yet
134,3,2,3,0,0,0,0,0,1,0,0,1,0,0,0,0,1,0,,4,0,1,0,0,0,1,0,0,1,0,0,0,0,0,0,,2,1,3,0,0,0,1,1,0,0,1,1,0,1,0,1,0,0,0,0,0,0,3,Het zoeken naar goede informatie over een bepaald onderwerp.,Het kost je veel tijd.,Goede links geven met informatie,The search for good information on a particular topic.,It will take you a lot of time.,Provide good links with information
46,3,2,3,0,0,0,1,0,1,0,0,0,0,0,0,0,0,0,,4,0,0,1,0,0,0,0,0,0,0,1,0,1,1,0,,3,3,1,1,0,0,0,0,0,0,0,0,0,1,1,0,0,0,0,1,0,1,3,Iets nieuws leren,Te weinig motivatie,Me begeleiden stap voor stap,Learn something new,Lack of motivation,Guide me step by step
116,3,1,2,1,0,1,1,0,1,0,0,1,0,1,1,1,1,0,,4,1,0,1,1,1,1,0,1,1,1,1,1,1,1,0,,4,1,4,1,1,1,0,1,1,1,1,1,0,0,0,1,0,0,0,0,0,0,1,Informatie opzoeken,Kost veel tijd om informatie in te typen,Door middel van live te spreken in plaats van te typen. Echter is het idee nog niet heel betrouwbaar,Looking up information,Takes a lot of time to type in information,"By speaking live instead of typing. However, the idea is not yet very reliable."
299,5,2,4,,,,,,,,,,,,,,,,,1,0,0,0,0,0,0,0,0,0,0,0,0,0,0,1,Met niks,1,1,1,0,0,0,0,0,1,0,0,0,0,1,1,0,0,0,0,1,0,1,3,Mijn eten opschrijft in mijn voedingswijzer,vergeet het soms,weet niet,Write down my food in my nutrition guide,sometimes forget it,don't know
20,5,1,4,,,,,,,,,,,,,,,,,1,0,0,1,0,0,1,0,0,0,0,0,0,0,1,0,,1,1,1,0,0,0,0,1,1,0,0,1,0,0,0,1,1,0,1,0,0,0,3,Bij dezelfde gegevens.,Zijn dubbele activiteiten.,Dubbele gegevens vergelijken,With the same data.,His dual activities.,Compare duplicate data
197,3,1,2,1,1,0,0,0,0,0,0,0,0,0,0,0,0,0,,4,1,1,0,0,0,0,0,1,1,0,0,1,0,0,0,,3,3,2,1,0,0,1,0,1,0,1,0,0,1,0,0,0,0,1,0,0,0,1,Mijn werk plannen (afspraken en mails),Ze kosten me veel tijd en veel is herhalend.,Goede samenvatting maakt zodat ik snel klaar ben.,Planning my work (appointments and emails),They take me a lot of time and much of it is repetitive.,Makes a good summary so I can finish quickly.
63,4,2,2,0,0,0,0,0,0,1,1,1,0,0,1,0,0,0,,3,0,0,0,1,0,0,1,1,0,0,0,0,0,1,0,,2,3,1,0,1,1,0,0,1,0,0,0,0,0,1,0,0,1,1,0,0,0,1,met recepten voor het eten,elke keer weer iets verzinnen,deie heeft een zeer ruim pallet aan recepten,with recipes for food,come up with something new every time,This one has a very wide range of recipes